image_path,binary_mask_path
dataset/1k_images/host_data/training_data/data/final_render_1000_y22.28_z10.67_pupil_diameter_5.76mm.png,dataset/1k_images/host_data/training_data/binary_mask/final_render_1000_y22.28_z10.67_pupil_diameter_5.76mm.jpg1000.jpg
dataset/1k_images/host_data/training_data/data/final_render_100_y15.82_z-16.69_pupil_diameter_1.54mm.png,dataset/1k_images/host_data/training_data/binary_mask/final_render_100_y15.82_z-16.69_pupil_diameter_1.54mm.jpg0100.jpg
dataset/1k_images/host_data/training_data/data/final_render_101_y-5.09_z-19.16_pupil_diameter_1.84mm.png,dataset/1k_images/host_data/training_data/binary_mask/final_render_101_y-5.09_z-19.16_pupil_diameter_1.84mm.jpg0101.jpg
dataset/1k_images/host_data/training_data/data/final_render_102_y29.90_z2.03_pupil_diameter_5.05mm.png,dataset/1k_images/host_data/training_data/binary_mask/final_render_102_y29.90_z2.03_pupil_diameter_5.05mm.jpg0102.jpg
dataset/1k_images/host_data/training_data/data/final_render_103_y-18.88_z27.16_pupil_diameter_7.03mm.png,dataset/1k_images/host_data/training_data/binary_mask/final_render_103_y-18.88_z27.16_pupil_diameter_7.03mm.jpg0103.jpg
dataset/1k_images/host_data/training_data/data/final_render_104_y-12.81_z-29.12_pupil_diameter_4.79mm.png,dataset/1k_images/host_data/training_data/binary_mask/final_render_104_y-12.81_z-29.12_pupil_diameter_4.79mm.jpg0104.jpg
dataset/1k_images/host_data/training_data/data/final_render_105_y6.46_z11.17_pupil_diameter_6.35mm.png,dataset/1k_images/host_data/training_data/binary_mask/final_render_105_y6.46_z11.17_pupil_diameter_6.35mm.jpg0105.jpg
dataset/1k_images/host_data/training_data/data/final_render_106_y11.65_z-12.65_pupil_diameter_4.62mm.png,dataset/1k_images/host_data/training_data/binary_mask/final_render_106_y11.65_z-12.65_pupil_diameter_4.62mm.jpg0106.jpg
dataset/1k_images/host_data/training_data/data/final_render_107_y-17.98_z17.93_pupil_diameter_5.61mm.png,dataset/1k_images/host_data/training_data/binary_mask/final_render_107_y-17.98_z17.93_pupil_diameter_5.61mm.jpg0107.jpg
dataset/1k_images/host_data/training_data/data/final_render_108_y-5.53_z1.10_pupil_diameter_3.45mm.png,dataset/1k_images/host_data/training_data/binary_mask/final_render_108_y-5.53_z1.10_pupil_diameter_3.45mm.jpg0108.jpg
dataset/1k_images/host_data/training_data/data/final_render_109_y25.06_z24.82_pupil_diameter_5.74mm.png,dataset/1k_images/host_data/training_data/binary_mask/final_render_109_y25.06_z24.82_pupil_diameter_5.74mm.jpg0109.jpg
dataset/1k_images/host_data/training_data/data/final_render_10_y-12.26_z-27.58_pupil_diameter_2.56mm.png,dataset/1k_images/host_data/training_data/binary_mask/final_render_10_y-12.26_z-27.58_pupil_diameter_2.56mm.jpg0010.jpg
dataset/1k_images/host_data/training_data/data/final_render_110_y13.13_z3.35_pupil_diameter_3.01mm.png,dataset/1k_images/host_data/training_data/binary_mask/final_render_110_y13.13_z3.35_pupil_diameter_3.01mm.jpg0110.jpg
dataset/1k_images/host_data/training_data/data/final_render_111_y9.02_z20.55_pupil_diameter_5.94mm.png,dataset/1k_images/host_data/training_data/binary_mask/final_render_111_y9.02_z20.55_pupil_diameter_5.94mm.jpg0111.jpg
dataset/1k_images/host_data/training_data/data/final_render_112_y-27.82_z-10.01_pupil_diameter_2.56mm.png,dataset/1k_images/host_data/training_data/binary_mask/final_render_112_y-27.82_z-10.01_pupil_diameter_2.56mm.jpg0112.jpg
dataset/1k_images/host_data/training_data/data/final_render_113_y-11.03_z-23.87_pupil_diameter_5.02mm.png,dataset/1k_images/host_data/training_data/binary_mask/final_render_113_y-11.03_z-23.87_pupil_diameter_5.02mm.jpg0113.jpg
dataset/1k_images/host_data/training_data/data/final_render_114_y-4.29_z-8.31_pupil_diameter_2.29mm.png,dataset/1k_images/host_data/training_data/binary_mask/final_render_114_y-4.29_z-8.31_pupil_diameter_2.29mm.jpg0114.jpg
dataset/1k_images/host_data/training_data/data/final_render_115_y21.94_z19.53_pupil_diameter_6.35mm.png,dataset/1k_images/host_data/training_data/binary_mask/final_render_115_y21.94_z19.53_pupil_diameter_6.35mm.jpg0115.jpg
dataset/1k_images/host_data/training_data/data/final_render_116_y4.41_z-8.18_pupil_diameter_1.58mm.png,dataset/1k_images/host_data/training_data/binary_mask/final_render_116_y4.41_z-8.18_pupil_diameter_1.58mm.jpg0116.jpg
dataset/1k_images/host_data/training_data/data/final_render_117_y0.77_z-7.25_pupil_diameter_5.46mm.png,dataset/1k_images/host_data/training_data/binary_mask/final_render_117_y0.77_z-7.25_pupil_diameter_5.46mm.jpg0117.jpg
dataset/1k_images/host_data/training_data/data/final_render_118_y-28.50_z-5.89_pupil_diameter_7.89mm.png,dataset/1k_images/host_data/training_data/binary_mask/final_render_118_y-28.50_z-5.89_pupil_diameter_7.89mm.jpg0118.jpg
dataset/1k_images/host_data/training_data/data/final_render_119_y-1.09_z10.44_pupil_diameter_5.99mm.png,dataset/1k_images/host_data/training_data/binary_mask/final_render_119_y-1.09_z10.44_pupil_diameter_5.99mm.jpg0119.jpg
dataset/1k_images/host_data/training_data/data/final_render_11_y1.62_z-25.50_pupil_diameter_2.56mm.png,dataset/1k_images/host_data/training_data/binary_mask/final_render_11_y1.62_z-25.50_pupil_diameter_2.56mm.jpg0011.jpg
dataset/1k_images/host_data/training_data/data/final_render_120_y-22.89_z15.17_pupil_diameter_7.43mm.png,dataset/1k_images/host_data/training_data/binary_mask/final_render_120_y-22.89_z15.17_pupil_diameter_7.43mm.jpg0120.jpg
dataset/1k_images/host_data/training_data/data/final_render_121_y9.56_z4.60_pupil_diameter_7.86mm.png,dataset/1k_images/host_data/training_data/binary_mask/final_render_121_y9.56_z4.60_pupil_diameter_7.86mm.jpg0121.jpg
dataset/1k_images/host_data/training_data/data/final_render_122_y-10.36_z-21.80_pupil_diameter_6.26mm.png,dataset/1k_images/host_data/training_data/binary_mask/final_render_122_y-10.36_z-21.80_pupil_diameter_6.26mm.jpg0122.jpg
dataset/1k_images/host_data/training_data/data/final_render_123_y28.37_z-19.24_pupil_diameter_6.61mm.png,dataset/1k_images/host_data/training_data/binary_mask/final_render_123_y28.37_z-19.24_pupil_diameter_6.61mm.jpg0123.jpg
dataset/1k_images/host_data/training_data/data/final_render_124_y-21.78_z-19.87_pupil_diameter_7.81mm.png,dataset/1k_images/host_data/training_data/binary_mask/final_render_124_y-21.78_z-19.87_pupil_diameter_7.81mm.jpg0124.jpg
dataset/1k_images/host_data/training_data/data/final_render_125_y14.68_z11.23_pupil_diameter_6.54mm.png,dataset/1k_images/host_data/training_data/binary_mask/final_render_125_y14.68_z11.23_pupil_diameter_6.54mm.jpg0125.jpg
dataset/1k_images/host_data/training_data/data/final_render_126_y12.00_z18.78_pupil_diameter_1.94mm.png,dataset/1k_images/host_data/training_data/binary_mask/final_render_126_y12.00_z18.78_pupil_diameter_1.94mm.jpg0126.jpg
dataset/1k_images/host_data/training_data/data/final_render_127_y19.23_z8.51_pupil_diameter_6.76mm.png,dataset/1k_images/host_data/training_data/binary_mask/final_render_127_y19.23_z8.51_pupil_diameter_6.76mm.jpg0127.jpg
dataset/1k_images/host_data/training_data/data/final_render_128_y-4.21_z23.76_pupil_diameter_2.21mm.png,dataset/1k_images/host_data/training_data/binary_mask/final_render_128_y-4.21_z23.76_pupil_diameter_2.21mm.jpg0128.jpg
dataset/1k_images/host_data/training_data/data/final_render_129_y19.46_z-16.62_pupil_diameter_5.73mm.png,dataset/1k_images/host_data/training_data/binary_mask/final_render_129_y19.46_z-16.62_pupil_diameter_5.73mm.jpg0129.jpg
dataset/1k_images/host_data/training_data/data/final_render_12_y6.38_z-23.70_pupil_diameter_6.30mm.png,dataset/1k_images/host_data/training_data/binary_mask/final_render_12_y6.38_z-23.70_pupil_diameter_6.30mm.jpg0012.jpg
dataset/1k_images/host_data/training_data/data/final_render_130_y7.97_z24.65_pupil_diameter_5.72mm.png,dataset/1k_images/host_data/training_data/binary_mask/final_render_130_y7.97_z24.65_pupil_diameter_5.72mm.jpg0130.jpg
dataset/1k_images/host_data/training_data/data/final_render_131_y13.12_z-16.62_pupil_diameter_1.52mm.png,dataset/1k_images/host_data/training_data/binary_mask/final_render_131_y13.12_z-16.62_pupil_diameter_1.52mm.jpg0131.jpg
dataset/1k_images/host_data/training_data/data/final_render_132_y2.89_z-17.81_pupil_diameter_5.47mm.png,dataset/1k_images/host_data/training_data/binary_mask/final_render_132_y2.89_z-17.81_pupil_diameter_5.47mm.jpg0132.jpg
dataset/1k_images/host_data/training_data/data/final_render_133_y-10.34_z27.39_pupil_diameter_4.91mm.png,dataset/1k_images/host_data/training_data/binary_mask/final_render_133_y-10.34_z27.39_pupil_diameter_4.91mm.jpg0133.jpg
dataset/1k_images/host_data/training_data/data/final_render_134_y14.22_z11.67_pupil_diameter_4.41mm.png,dataset/1k_images/host_data/training_data/binary_mask/final_render_134_y14.22_z11.67_pupil_diameter_4.41mm.jpg0134.jpg
dataset/1k_images/host_data/training_data/data/final_render_135_y-21.95_z-28.14_pupil_diameter_1.89mm.png,dataset/1k_images/host_data/training_data/binary_mask/final_render_135_y-21.95_z-28.14_pupil_diameter_1.89mm.jpg0135.jpg
dataset/1k_images/host_data/training_data/data/final_render_136_y1.69_z-26.45_pupil_diameter_7.83mm.png,dataset/1k_images/host_data/training_data/binary_mask/final_render_136_y1.69_z-26.45_pupil_diameter_7.83mm.jpg0136.jpg
dataset/1k_images/host_data/training_data/data/final_render_137_y-1.62_z27.17_pupil_diameter_2.93mm.png,dataset/1k_images/host_data/training_data/binary_mask/final_render_137_y-1.62_z27.17_pupil_diameter_2.93mm.jpg0137.jpg
dataset/1k_images/host_data/training_data/data/final_render_138_y15.65_z-8.11_pupil_diameter_4.37mm.png,dataset/1k_images/host_data/training_data/binary_mask/final_render_138_y15.65_z-8.11_pupil_diameter_4.37mm.jpg0138.jpg
dataset/1k_images/host_data/training_data/data/final_render_139_y-3.08_z-2.80_pupil_diameter_6.96mm.png,dataset/1k_images/host_data/training_data/binary_mask/final_render_139_y-3.08_z-2.80_pupil_diameter_6.96mm.jpg0139.jpg
dataset/1k_images/host_data/training_data/data/final_render_13_y26.53_z14.91_pupil_diameter_7.12mm.png,dataset/1k_images/host_data/training_data/binary_mask/final_render_13_y26.53_z14.91_pupil_diameter_7.12mm.jpg0013.jpg
dataset/1k_images/host_data/training_data/data/final_render_140_y-27.60_z4.49_pupil_diameter_3.56mm.png,dataset/1k_images/host_data/training_data/binary_mask/final_render_140_y-27.60_z4.49_pupil_diameter_3.56mm.jpg0140.jpg
dataset/1k_images/host_data/training_data/data/final_render_141_y-8.71_z-28.38_pupil_diameter_6.01mm.png,dataset/1k_images/host_data/training_data/binary_mask/final_render_141_y-8.71_z-28.38_pupil_diameter_6.01mm.jpg0141.jpg
dataset/1k_images/host_data/training_data/data/final_render_142_y2.91_z3.30_pupil_diameter_2.31mm.png,dataset/1k_images/host_data/training_data/binary_mask/final_render_142_y2.91_z3.30_pupil_diameter_2.31mm.jpg0142.jpg
dataset/1k_images/host_data/training_data/data/final_render_143_y21.51_z0.17_pupil_diameter_5.34mm.png,dataset/1k_images/host_data/training_data/binary_mask/final_render_143_y21.51_z0.17_pupil_diameter_5.34mm.jpg0143.jpg
dataset/1k_images/host_data/training_data/data/final_render_144_y16.04_z-7.16_pupil_diameter_5.11mm.png,dataset/1k_images/host_data/training_data/binary_mask/final_render_144_y16.04_z-7.16_pupil_diameter_5.11mm.jpg0144.jpg
dataset/1k_images/host_data/training_data/data/final_render_145_y-17.76_z1.93_pupil_diameter_2.50mm.png,dataset/1k_images/host_data/training_data/binary_mask/final_render_145_y-17.76_z1.93_pupil_diameter_2.50mm.jpg0145.jpg
dataset/1k_images/host_data/training_data/data/final_render_146_y2.35_z-22.82_pupil_diameter_1.66mm.png,dataset/1k_images/host_data/training_data/binary_mask/final_render_146_y2.35_z-22.82_pupil_diameter_1.66mm.jpg0146.jpg
dataset/1k_images/host_data/training_data/data/final_render_147_y-10.66_z4.36_pupil_diameter_2.94mm.png,dataset/1k_images/host_data/training_data/binary_mask/final_render_147_y-10.66_z4.36_pupil_diameter_2.94mm.jpg0147.jpg
dataset/1k_images/host_data/training_data/data/final_render_148_y-19.13_z8.94_pupil_diameter_7.46mm.png,dataset/1k_images/host_data/training_data/binary_mask/final_render_148_y-19.13_z8.94_pupil_diameter_7.46mm.jpg0148.jpg
dataset/1k_images/host_data/training_data/data/final_render_149_y15.33_z-13.64_pupil_diameter_5.20mm.png,dataset/1k_images/host_data/training_data/binary_mask/final_render_149_y15.33_z-13.64_pupil_diameter_5.20mm.jpg0149.jpg
dataset/1k_images/host_data/training_data/data/final_render_14_y26.93_z-12.75_pupil_diameter_4.92mm.png,dataset/1k_images/host_data/training_data/binary_mask/final_render_14_y26.93_z-12.75_pupil_diameter_4.92mm.jpg0014.jpg
dataset/1k_images/host_data/training_data/data/final_render_150_y28.96_z-29.96_pupil_diameter_6.31mm.png,dataset/1k_images/host_data/training_data/binary_mask/final_render_150_y28.96_z-29.96_pupil_diameter_6.31mm.jpg0150.jpg
dataset/1k_images/host_data/training_data/data/final_render_151_y-13.37_z27.21_pupil_diameter_3.91mm.png,dataset/1k_images/host_data/training_data/binary_mask/final_render_151_y-13.37_z27.21_pupil_diameter_3.91mm.jpg0151.jpg
dataset/1k_images/host_data/training_data/data/final_render_152_y10.31_z26.94_pupil_diameter_5.06mm.png,dataset/1k_images/host_data/training_data/binary_mask/final_render_152_y10.31_z26.94_pupil_diameter_5.06mm.jpg0152.jpg
dataset/1k_images/host_data/training_data/data/final_render_153_y-19.94_z-6.34_pupil_diameter_2.68mm.png,dataset/1k_images/host_data/training_data/binary_mask/final_render_153_y-19.94_z-6.34_pupil_diameter_2.68mm.jpg0153.jpg
dataset/1k_images/host_data/training_data/data/final_render_154_y-16.87_z-18.31_pupil_diameter_6.27mm.png,dataset/1k_images/host_data/training_data/binary_mask/final_render_154_y-16.87_z-18.31_pupil_diameter_6.27mm.jpg0154.jpg
dataset/1k_images/host_data/training_data/data/final_render_155_y20.07_z-26.67_pupil_diameter_4.60mm.png,dataset/1k_images/host_data/training_data/binary_mask/final_render_155_y20.07_z-26.67_pupil_diameter_4.60mm.jpg0155.jpg
dataset/1k_images/host_data/training_data/data/final_render_156_y-24.39_z14.07_pupil_diameter_5.84mm.png,dataset/1k_images/host_data/training_data/binary_mask/final_render_156_y-24.39_z14.07_pupil_diameter_5.84mm.jpg0156.jpg
dataset/1k_images/host_data/training_data/data/final_render_157_y27.83_z-25.78_pupil_diameter_7.46mm.png,dataset/1k_images/host_data/training_data/binary_mask/final_render_157_y27.83_z-25.78_pupil_diameter_7.46mm.jpg0157.jpg
dataset/1k_images/host_data/training_data/data/final_render_158_y-20.53_z-18.29_pupil_diameter_5.60mm.png,dataset/1k_images/host_data/training_data/binary_mask/final_render_158_y-20.53_z-18.29_pupil_diameter_5.60mm.jpg0158.jpg
dataset/1k_images/host_data/training_data/data/final_render_159_y-27.55_z-18.34_pupil_diameter_6.12mm.png,dataset/1k_images/host_data/training_data/binary_mask/final_render_159_y-27.55_z-18.34_pupil_diameter_6.12mm.jpg0159.jpg
dataset/1k_images/host_data/training_data/data/final_render_15_y26.72_z21.38_pupil_diameter_1.75mm.png,dataset/1k_images/host_data/training_data/binary_mask/final_render_15_y26.72_z21.38_pupil_diameter_1.75mm.jpg0015.jpg
dataset/1k_images/host_data/training_data/data/final_render_160_y26.30_z-23.29_pupil_diameter_5.51mm.png,dataset/1k_images/host_data/training_data/binary_mask/final_render_160_y26.30_z-23.29_pupil_diameter_5.51mm.jpg0160.jpg
dataset/1k_images/host_data/training_data/data/final_render_161_y14.71_z17.34_pupil_diameter_3.28mm.png,dataset/1k_images/host_data/training_data/binary_mask/final_render_161_y14.71_z17.34_pupil_diameter_3.28mm.jpg0161.jpg
dataset/1k_images/host_data/training_data/data/final_render_162_y22.23_z-13.04_pupil_diameter_1.30mm.png,dataset/1k_images/host_data/training_data/binary_mask/final_render_162_y22.23_z-13.04_pupil_diameter_1.30mm.jpg0162.jpg
dataset/1k_images/host_data/training_data/data/final_render_163_y8.55_z0.25_pupil_diameter_3.67mm.png,dataset/1k_images/host_data/training_data/binary_mask/final_render_163_y8.55_z0.25_pupil_diameter_3.67mm.jpg0163.jpg
dataset/1k_images/host_data/training_data/data/final_render_164_y-12.21_z26.91_pupil_diameter_6.20mm.png,dataset/1k_images/host_data/training_data/binary_mask/final_render_164_y-12.21_z26.91_pupil_diameter_6.20mm.jpg0164.jpg
dataset/1k_images/host_data/training_data/data/final_render_165_y7.84_z-3.36_pupil_diameter_7.60mm.png,dataset/1k_images/host_data/training_data/binary_mask/final_render_165_y7.84_z-3.36_pupil_diameter_7.60mm.jpg0165.jpg
dataset/1k_images/host_data/training_data/data/final_render_166_y14.53_z-9.99_pupil_diameter_3.46mm.png,dataset/1k_images/host_data/training_data/binary_mask/final_render_166_y14.53_z-9.99_pupil_diameter_3.46mm.jpg0166.jpg
dataset/1k_images/host_data/training_data/data/final_render_167_y13.49_z17.24_pupil_diameter_5.94mm.png,dataset/1k_images/host_data/training_data/binary_mask/final_render_167_y13.49_z17.24_pupil_diameter_5.94mm.jpg0167.jpg
dataset/1k_images/host_data/training_data/data/final_render_168_y3.64_z-19.93_pupil_diameter_7.16mm.png,dataset/1k_images/host_data/training_data/binary_mask/final_render_168_y3.64_z-19.93_pupil_diameter_7.16mm.jpg0168.jpg
dataset/1k_images/host_data/training_data/data/final_render_169_y19.77_z-27.65_pupil_diameter_1.79mm.png,dataset/1k_images/host_data/training_data/binary_mask/final_render_169_y19.77_z-27.65_pupil_diameter_1.79mm.jpg0169.jpg
dataset/1k_images/host_data/training_data/data/final_render_16_y-3.00_z-0.45_pupil_diameter_5.55mm.png,dataset/1k_images/host_data/training_data/binary_mask/final_render_16_y-3.00_z-0.45_pupil_diameter_5.55mm.jpg0016.jpg
dataset/1k_images/host_data/training_data/data/final_render_170_y-4.19_z24.52_pupil_diameter_1.56mm.png,dataset/1k_images/host_data/training_data/binary_mask/final_render_170_y-4.19_z24.52_pupil_diameter_1.56mm.jpg0170.jpg
dataset/1k_images/host_data/training_data/data/final_render_171_y6.34_z-23.39_pupil_diameter_1.73mm.png,dataset/1k_images/host_data/training_data/binary_mask/final_render_171_y6.34_z-23.39_pupil_diameter_1.73mm.jpg0171.jpg
dataset/1k_images/host_data/training_data/data/final_render_172_y7.81_z-2.39_pupil_diameter_2.96mm.png,dataset/1k_images/host_data/training_data/binary_mask/final_render_172_y7.81_z-2.39_pupil_diameter_2.96mm.jpg0172.jpg
dataset/1k_images/host_data/training_data/data/final_render_173_y-10.66_z-6.22_pupil_diameter_4.28mm.png,dataset/1k_images/host_data/training_data/binary_mask/final_render_173_y-10.66_z-6.22_pupil_diameter_4.28mm.jpg0173.jpg
dataset/1k_images/host_data/training_data/data/final_render_174_y-25.71_z25.90_pupil_diameter_6.74mm.png,dataset/1k_images/host_data/training_data/binary_mask/final_render_174_y-25.71_z25.90_pupil_diameter_6.74mm.jpg0174.jpg
dataset/1k_images/host_data/training_data/data/final_render_175_y24.96_z28.67_pupil_diameter_1.72mm.png,dataset/1k_images/host_data/training_data/binary_mask/final_render_175_y24.96_z28.67_pupil_diameter_1.72mm.jpg0175.jpg
dataset/1k_images/host_data/training_data/data/final_render_176_y-14.40_z-18.71_pupil_diameter_7.90mm.png,dataset/1k_images/host_data/training_data/binary_mask/final_render_176_y-14.40_z-18.71_pupil_diameter_7.90mm.jpg0176.jpg
dataset/1k_images/host_data/training_data/data/final_render_177_y24.78_z-5.16_pupil_diameter_3.50mm.png,dataset/1k_images/host_data/training_data/binary_mask/final_render_177_y24.78_z-5.16_pupil_diameter_3.50mm.jpg0177.jpg
dataset/1k_images/host_data/training_data/data/final_render_178_y-19.17_z20.92_pupil_diameter_3.39mm.png,dataset/1k_images/host_data/training_data/binary_mask/final_render_178_y-19.17_z20.92_pupil_diameter_3.39mm.jpg0178.jpg
dataset/1k_images/host_data/training_data/data/final_render_179_y0.42_z22.82_pupil_diameter_2.49mm.png,dataset/1k_images/host_data/training_data/binary_mask/final_render_179_y0.42_z22.82_pupil_diameter_2.49mm.jpg0179.jpg
dataset/1k_images/host_data/training_data/data/final_render_17_y22.17_z-25.76_pupil_diameter_1.09mm.png,dataset/1k_images/host_data/training_data/binary_mask/final_render_17_y22.17_z-25.76_pupil_diameter_1.09mm.jpg0017.jpg
dataset/1k_images/host_data/training_data/data/final_render_180_y-9.04_z23.47_pupil_diameter_7.74mm.png,dataset/1k_images/host_data/training_data/binary_mask/final_render_180_y-9.04_z23.47_pupil_diameter_7.74mm.jpg0180.jpg
dataset/1k_images/host_data/training_data/data/final_render_181_y-4.73_z-5.70_pupil_diameter_2.71mm.png,dataset/1k_images/host_data/training_data/binary_mask/final_render_181_y-4.73_z-5.70_pupil_diameter_2.71mm.jpg0181.jpg
dataset/1k_images/host_data/training_data/data/final_render_182_y8.78_z-26.68_pupil_diameter_3.24mm.png,dataset/1k_images/host_data/training_data/binary_mask/final_render_182_y8.78_z-26.68_pupil_diameter_3.24mm.jpg0182.jpg
dataset/1k_images/host_data/training_data/data/final_render_183_y-21.92_z-5.82_pupil_diameter_4.97mm.png,dataset/1k_images/host_data/training_data/binary_mask/final_render_183_y-21.92_z-5.82_pupil_diameter_4.97mm.jpg0183.jpg
dataset/1k_images/host_data/training_data/data/final_render_184_y-15.08_z11.87_pupil_diameter_7.61mm.png,dataset/1k_images/host_data/training_data/binary_mask/final_render_184_y-15.08_z11.87_pupil_diameter_7.61mm.jpg0184.jpg
dataset/1k_images/host_data/training_data/data/final_render_185_y-7.74_z4.57_pupil_diameter_7.93mm.png,dataset/1k_images/host_data/training_data/binary_mask/final_render_185_y-7.74_z4.57_pupil_diameter_7.93mm.jpg0185.jpg
dataset/1k_images/host_data/training_data/data/final_render_186_y22.74_z-9.25_pupil_diameter_3.36mm.png,dataset/1k_images/host_data/training_data/binary_mask/final_render_186_y22.74_z-9.25_pupil_diameter_3.36mm.jpg0186.jpg
dataset/1k_images/host_data/training_data/data/final_render_187_y27.62_z-26.11_pupil_diameter_3.09mm.png,dataset/1k_images/host_data/training_data/binary_mask/final_render_187_y27.62_z-26.11_pupil_diameter_3.09mm.jpg0187.jpg
dataset/1k_images/host_data/training_data/data/final_render_188_y3.10_z-6.79_pupil_diameter_4.70mm.png,dataset/1k_images/host_data/training_data/binary_mask/final_render_188_y3.10_z-6.79_pupil_diameter_4.70mm.jpg0188.jpg
dataset/1k_images/host_data/training_data/data/final_render_189_y28.93_z-12.00_pupil_diameter_5.01mm.png,dataset/1k_images/host_data/training_data/binary_mask/final_render_189_y28.93_z-12.00_pupil_diameter_5.01mm.jpg0189.jpg
dataset/1k_images/host_data/training_data/data/final_render_18_y-29.83_z-22.87_pupil_diameter_5.38mm.png,dataset/1k_images/host_data/training_data/binary_mask/final_render_18_y-29.83_z-22.87_pupil_diameter_5.38mm.jpg0018.jpg
dataset/1k_images/host_data/training_data/data/final_render_190_y-1.94_z-29.73_pupil_diameter_7.48mm.png,dataset/1k_images/host_data/training_data/binary_mask/final_render_190_y-1.94_z-29.73_pupil_diameter_7.48mm.jpg0190.jpg
dataset/1k_images/host_data/training_data/data/final_render_191_y-1.93_z11.22_pupil_diameter_6.90mm.png,dataset/1k_images/host_data/training_data/binary_mask/final_render_191_y-1.93_z11.22_pupil_diameter_6.90mm.jpg0191.jpg
dataset/1k_images/host_data/training_data/data/final_render_192_y-6.48_z-26.38_pupil_diameter_7.48mm.png,dataset/1k_images/host_data/training_data/binary_mask/final_render_192_y-6.48_z-26.38_pupil_diameter_7.48mm.jpg0192.jpg
dataset/1k_images/host_data/training_data/data/final_render_193_y-4.28_z11.57_pupil_diameter_1.68mm.png,dataset/1k_images/host_data/training_data/binary_mask/final_render_193_y-4.28_z11.57_pupil_diameter_1.68mm.jpg0193.jpg
dataset/1k_images/host_data/training_data/data/final_render_194_y28.07_z-16.15_pupil_diameter_7.69mm.png,dataset/1k_images/host_data/training_data/binary_mask/final_render_194_y28.07_z-16.15_pupil_diameter_7.69mm.jpg0194.jpg
dataset/1k_images/host_data/training_data/data/final_render_195_y22.76_z-27.28_pupil_diameter_2.46mm.png,dataset/1k_images/host_data/training_data/binary_mask/final_render_195_y22.76_z-27.28_pupil_diameter_2.46mm.jpg0195.jpg
dataset/1k_images/host_data/training_data/data/final_render_196_y-1.78_z27.29_pupil_diameter_1.72mm.png,dataset/1k_images/host_data/training_data/binary_mask/final_render_196_y-1.78_z27.29_pupil_diameter_1.72mm.jpg0196.jpg
dataset/1k_images/host_data/training_data/data/final_render_197_y-12.12_z2.08_pupil_diameter_4.20mm.png,dataset/1k_images/host_data/training_data/binary_mask/final_render_197_y-12.12_z2.08_pupil_diameter_4.20mm.jpg0197.jpg
dataset/1k_images/host_data/training_data/data/final_render_198_y19.19_z26.98_pupil_diameter_5.69mm.png,dataset/1k_images/host_data/training_data/binary_mask/final_render_198_y19.19_z26.98_pupil_diameter_5.69mm.jpg0198.jpg
dataset/1k_images/host_data/training_data/data/final_render_199_y9.99_z8.83_pupil_diameter_1.86mm.png,dataset/1k_images/host_data/training_data/binary_mask/final_render_199_y9.99_z8.83_pupil_diameter_1.86mm.jpg0199.jpg
dataset/1k_images/host_data/training_data/data/final_render_19_y13.64_z2.24_pupil_diameter_2.08mm.png,dataset/1k_images/host_data/training_data/binary_mask/final_render_19_y13.64_z2.24_pupil_diameter_2.08mm.jpg0019.jpg
dataset/1k_images/host_data/training_data/data/final_render_1_y-24.68_z14.40_pupil_diameter_5.18mm.png,dataset/1k_images/host_data/training_data/binary_mask/final_render_1_y-24.68_z14.40_pupil_diameter_5.18mm.jpg0001.jpg
dataset/1k_images/host_data/training_data/data/final_render_200_y4.95_z-4.43_pupil_diameter_1.89mm.png,dataset/1k_images/host_data/training_data/binary_mask/final_render_200_y4.95_z-4.43_pupil_diameter_1.89mm.jpg0200.jpg
dataset/1k_images/host_data/training_data/data/final_render_201_y-5.15_z3.03_pupil_diameter_5.25mm.png,dataset/1k_images/host_data/training_data/binary_mask/final_render_201_y-5.15_z3.03_pupil_diameter_5.25mm.jpg0201.jpg
dataset/1k_images/host_data/training_data/data/final_render_202_y-7.93_z-27.32_pupil_diameter_5.74mm.png,dataset/1k_images/host_data/training_data/binary_mask/final_render_202_y-7.93_z-27.32_pupil_diameter_5.74mm.jpg0202.jpg
dataset/1k_images/host_data/training_data/data/final_render_203_y-0.15_z-22.14_pupil_diameter_3.92mm.png,dataset/1k_images/host_data/training_data/binary_mask/final_render_203_y-0.15_z-22.14_pupil_diameter_3.92mm.jpg0203.jpg
dataset/1k_images/host_data/training_data/data/final_render_204_y-9.02_z-7.16_pupil_diameter_4.39mm.png,dataset/1k_images/host_data/training_data/binary_mask/final_render_204_y-9.02_z-7.16_pupil_diameter_4.39mm.jpg0204.jpg
dataset/1k_images/host_data/training_data/data/final_render_205_y-20.55_z24.79_pupil_diameter_5.53mm.png,dataset/1k_images/host_data/training_data/binary_mask/final_render_205_y-20.55_z24.79_pupil_diameter_5.53mm.jpg0205.jpg
dataset/1k_images/host_data/training_data/data/final_render_206_y25.38_z0.10_pupil_diameter_2.60mm.png,dataset/1k_images/host_data/training_data/binary_mask/final_render_206_y25.38_z0.10_pupil_diameter_2.60mm.jpg0206.jpg
dataset/1k_images/host_data/training_data/data/final_render_207_y14.14_z-18.03_pupil_diameter_2.46mm.png,dataset/1k_images/host_data/training_data/binary_mask/final_render_207_y14.14_z-18.03_pupil_diameter_2.46mm.jpg0207.jpg
dataset/1k_images/host_data/training_data/data/final_render_208_y9.02_z4.53_pupil_diameter_1.62mm.png,dataset/1k_images/host_data/training_data/binary_mask/final_render_208_y9.02_z4.53_pupil_diameter_1.62mm.jpg0208.jpg
dataset/1k_images/host_data/training_data/data/final_render_209_y26.45_z-0.71_pupil_diameter_4.57mm.png,dataset/1k_images/host_data/training_data/binary_mask/final_render_209_y26.45_z-0.71_pupil_diameter_4.57mm.jpg0209.jpg
dataset/1k_images/host_data/training_data/data/final_render_20_y20.31_z-17.42_pupil_diameter_6.98mm.png,dataset/1k_images/host_data/training_data/binary_mask/final_render_20_y20.31_z-17.42_pupil_diameter_6.98mm.jpg0020.jpg
dataset/1k_images/host_data/training_data/data/final_render_210_y-12.26_z15.61_pupil_diameter_3.78mm.png,dataset/1k_images/host_data/training_data/binary_mask/final_render_210_y-12.26_z15.61_pupil_diameter_3.78mm.jpg0210.jpg
dataset/1k_images/host_data/training_data/data/final_render_211_y-16.94_z-23.10_pupil_diameter_4.02mm.png,dataset/1k_images/host_data/training_data/binary_mask/final_render_211_y-16.94_z-23.10_pupil_diameter_4.02mm.jpg0211.jpg
dataset/1k_images/host_data/training_data/data/final_render_212_y-28.46_z-6.20_pupil_diameter_2.09mm.png,dataset/1k_images/host_data/training_data/binary_mask/final_render_212_y-28.46_z-6.20_pupil_diameter_2.09mm.jpg0212.jpg
dataset/1k_images/host_data/training_data/data/final_render_213_y26.88_z-3.31_pupil_diameter_7.19mm.png,dataset/1k_images/host_data/training_data/binary_mask/final_render_213_y26.88_z-3.31_pupil_diameter_7.19mm.jpg0213.jpg
dataset/1k_images/host_data/training_data/data/final_render_214_y12.91_z-16.22_pupil_diameter_3.64mm.png,dataset/1k_images/host_data/training_data/binary_mask/final_render_214_y12.91_z-16.22_pupil_diameter_3.64mm.jpg0214.jpg
dataset/1k_images/host_data/training_data/data/final_render_215_y-4.50_z-19.54_pupil_diameter_6.16mm.png,dataset/1k_images/host_data/training_data/binary_mask/final_render_215_y-4.50_z-19.54_pupil_diameter_6.16mm.jpg0215.jpg
dataset/1k_images/host_data/training_data/data/final_render_216_y-19.73_z15.43_pupil_diameter_7.08mm.png,dataset/1k_images/host_data/training_data/binary_mask/final_render_216_y-19.73_z15.43_pupil_diameter_7.08mm.jpg0216.jpg
dataset/1k_images/host_data/training_data/data/final_render_217_y-8.05_z-17.34_pupil_diameter_2.91mm.png,dataset/1k_images/host_data/training_data/binary_mask/final_render_217_y-8.05_z-17.34_pupil_diameter_2.91mm.jpg0217.jpg
dataset/1k_images/host_data/training_data/data/final_render_218_y9.51_z25.58_pupil_diameter_3.76mm.png,dataset/1k_images/host_data/training_data/binary_mask/final_render_218_y9.51_z25.58_pupil_diameter_3.76mm.jpg0218.jpg
dataset/1k_images/host_data/training_data/data/final_render_219_y-16.37_z3.23_pupil_diameter_3.89mm.png,dataset/1k_images/host_data/training_data/binary_mask/final_render_219_y-16.37_z3.23_pupil_diameter_3.89mm.jpg0219.jpg
dataset/1k_images/host_data/training_data/data/final_render_21_y16.10_z14.95_pupil_diameter_6.44mm.png,dataset/1k_images/host_data/training_data/binary_mask/final_render_21_y16.10_z14.95_pupil_diameter_6.44mm.jpg0021.jpg
dataset/1k_images/host_data/training_data/data/final_render_220_y5.61_z-21.38_pupil_diameter_2.54mm.png,dataset/1k_images/host_data/training_data/binary_mask/final_render_220_y5.61_z-21.38_pupil_diameter_2.54mm.jpg0220.jpg
dataset/1k_images/host_data/training_data/data/final_render_221_y-0.71_z-7.43_pupil_diameter_3.08mm.png,dataset/1k_images/host_data/training_data/binary_mask/final_render_221_y-0.71_z-7.43_pupil_diameter_3.08mm.jpg0221.jpg
dataset/1k_images/host_data/training_data/data/final_render_222_y20.59_z-11.43_pupil_diameter_4.76mm.png,dataset/1k_images/host_data/training_data/binary_mask/final_render_222_y20.59_z-11.43_pupil_diameter_4.76mm.jpg0222.jpg
dataset/1k_images/host_data/training_data/data/final_render_223_y7.76_z-18.47_pupil_diameter_4.44mm.png,dataset/1k_images/host_data/training_data/binary_mask/final_render_223_y7.76_z-18.47_pupil_diameter_4.44mm.jpg0223.jpg
dataset/1k_images/host_data/training_data/data/final_render_224_y-26.82_z24.05_pupil_diameter_1.52mm.png,dataset/1k_images/host_data/training_data/binary_mask/final_render_224_y-26.82_z24.05_pupil_diameter_1.52mm.jpg0224.jpg
dataset/1k_images/host_data/training_data/data/final_render_225_y23.89_z-16.38_pupil_diameter_7.31mm.png,dataset/1k_images/host_data/training_data/binary_mask/final_render_225_y23.89_z-16.38_pupil_diameter_7.31mm.jpg0225.jpg
dataset/1k_images/host_data/training_data/data/final_render_226_y6.28_z-22.37_pupil_diameter_7.99mm.png,dataset/1k_images/host_data/training_data/binary_mask/final_render_226_y6.28_z-22.37_pupil_diameter_7.99mm.jpg0226.jpg
dataset/1k_images/host_data/training_data/data/final_render_227_y14.72_z22.38_pupil_diameter_7.07mm.png,dataset/1k_images/host_data/training_data/binary_mask/final_render_227_y14.72_z22.38_pupil_diameter_7.07mm.jpg0227.jpg
dataset/1k_images/host_data/training_data/data/final_render_228_y19.44_z20.02_pupil_diameter_6.50mm.png,dataset/1k_images/host_data/training_data/binary_mask/final_render_228_y19.44_z20.02_pupil_diameter_6.50mm.jpg0228.jpg
dataset/1k_images/host_data/training_data/data/final_render_229_y29.67_z26.31_pupil_diameter_1.86mm.png,dataset/1k_images/host_data/training_data/binary_mask/final_render_229_y29.67_z26.31_pupil_diameter_1.86mm.jpg0229.jpg
dataset/1k_images/host_data/training_data/data/final_render_22_y28.01_z9.16_pupil_diameter_3.21mm.png,dataset/1k_images/host_data/training_data/binary_mask/final_render_22_y28.01_z9.16_pupil_diameter_3.21mm.jpg0022.jpg
dataset/1k_images/host_data/training_data/data/final_render_230_y26.10_z27.83_pupil_diameter_2.40mm.png,dataset/1k_images/host_data/training_data/binary_mask/final_render_230_y26.10_z27.83_pupil_diameter_2.40mm.jpg0230.jpg
dataset/1k_images/host_data/training_data/data/final_render_231_y17.42_z-11.21_pupil_diameter_4.19mm.png,dataset/1k_images/host_data/training_data/binary_mask/final_render_231_y17.42_z-11.21_pupil_diameter_4.19mm.jpg0231.jpg
dataset/1k_images/host_data/training_data/data/final_render_232_y18.11_z29.95_pupil_diameter_5.46mm.png,dataset/1k_images/host_data/training_data/binary_mask/final_render_232_y18.11_z29.95_pupil_diameter_5.46mm.jpg0232.jpg
dataset/1k_images/host_data/training_data/data/final_render_233_y28.33_z29.76_pupil_diameter_2.82mm.png,dataset/1k_images/host_data/training_data/binary_mask/final_render_233_y28.33_z29.76_pupil_diameter_2.82mm.jpg0233.jpg
dataset/1k_images/host_data/training_data/data/final_render_234_y-10.38_z-3.24_pupil_diameter_1.85mm.png,dataset/1k_images/host_data/training_data/binary_mask/final_render_234_y-10.38_z-3.24_pupil_diameter_1.85mm.jpg0234.jpg
dataset/1k_images/host_data/training_data/data/final_render_235_y13.41_z24.72_pupil_diameter_3.91mm.png,dataset/1k_images/host_data/training_data/binary_mask/final_render_235_y13.41_z24.72_pupil_diameter_3.91mm.jpg0235.jpg
dataset/1k_images/host_data/training_data/data/final_render_236_y-27.42_z-24.34_pupil_diameter_3.31mm.png,dataset/1k_images/host_data/training_data/binary_mask/final_render_236_y-27.42_z-24.34_pupil_diameter_3.31mm.jpg0236.jpg
dataset/1k_images/host_data/training_data/data/final_render_237_y14.43_z-22.92_pupil_diameter_5.50mm.png,dataset/1k_images/host_data/training_data/binary_mask/final_render_237_y14.43_z-22.92_pupil_diameter_5.50mm.jpg0237.jpg
dataset/1k_images/host_data/training_data/data/final_render_238_y25.94_z-5.09_pupil_diameter_3.63mm.png,dataset/1k_images/host_data/training_data/binary_mask/final_render_238_y25.94_z-5.09_pupil_diameter_3.63mm.jpg0238.jpg
dataset/1k_images/host_data/training_data/data/final_render_239_y-9.02_z29.71_pupil_diameter_1.50mm.png,dataset/1k_images/host_data/training_data/binary_mask/final_render_239_y-9.02_z29.71_pupil_diameter_1.50mm.jpg0239.jpg
dataset/1k_images/host_data/training_data/data/final_render_23_y-15.84_z23.60_pupil_diameter_5.20mm.png,dataset/1k_images/host_data/training_data/binary_mask/final_render_23_y-15.84_z23.60_pupil_diameter_5.20mm.jpg0023.jpg
dataset/1k_images/host_data/training_data/data/final_render_240_y-15.44_z18.65_pupil_diameter_6.81mm.png,dataset/1k_images/host_data/training_data/binary_mask/final_render_240_y-15.44_z18.65_pupil_diameter_6.81mm.jpg0240.jpg
dataset/1k_images/host_data/training_data/data/final_render_241_y-8.07_z-23.04_pupil_diameter_6.55mm.png,dataset/1k_images/host_data/training_data/binary_mask/final_render_241_y-8.07_z-23.04_pupil_diameter_6.55mm.jpg0241.jpg
dataset/1k_images/host_data/training_data/data/final_render_242_y-19.20_z-18.11_pupil_diameter_2.76mm.png,dataset/1k_images/host_data/training_data/binary_mask/final_render_242_y-19.20_z-18.11_pupil_diameter_2.76mm.jpg0242.jpg
dataset/1k_images/host_data/training_data/data/final_render_243_y29.13_z21.57_pupil_diameter_6.16mm.png,dataset/1k_images/host_data/training_data/binary_mask/final_render_243_y29.13_z21.57_pupil_diameter_6.16mm.jpg0243.jpg
dataset/1k_images/host_data/training_data/data/final_render_244_y-24.70_z-6.46_pupil_diameter_7.39mm.png,dataset/1k_images/host_data/training_data/binary_mask/final_render_244_y-24.70_z-6.46_pupil_diameter_7.39mm.jpg0244.jpg
dataset/1k_images/host_data/training_data/data/final_render_245_y-21.67_z-20.08_pupil_diameter_7.19mm.png,dataset/1k_images/host_data/training_data/binary_mask/final_render_245_y-21.67_z-20.08_pupil_diameter_7.19mm.jpg0245.jpg
dataset/1k_images/host_data/training_data/data/final_render_246_y16.42_z1.38_pupil_diameter_1.97mm.png,dataset/1k_images/host_data/training_data/binary_mask/final_render_246_y16.42_z1.38_pupil_diameter_1.97mm.jpg0246.jpg
dataset/1k_images/host_data/training_data/data/final_render_247_y14.52_z13.68_pupil_diameter_6.83mm.png,dataset/1k_images/host_data/training_data/binary_mask/final_render_247_y14.52_z13.68_pupil_diameter_6.83mm.jpg0247.jpg
dataset/1k_images/host_data/training_data/data/final_render_248_y-6.39_z21.59_pupil_diameter_4.23mm.png,dataset/1k_images/host_data/training_data/binary_mask/final_render_248_y-6.39_z21.59_pupil_diameter_4.23mm.jpg0248.jpg
dataset/1k_images/host_data/training_data/data/final_render_249_y-23.30_z9.70_pupil_diameter_5.20mm.png,dataset/1k_images/host_data/training_data/binary_mask/final_render_249_y-23.30_z9.70_pupil_diameter_5.20mm.jpg0249.jpg
dataset/1k_images/host_data/training_data/data/final_render_24_y11.03_z19.31_pupil_diameter_6.45mm.png,dataset/1k_images/host_data/training_data/binary_mask/final_render_24_y11.03_z19.31_pupil_diameter_6.45mm.jpg0024.jpg
dataset/1k_images/host_data/training_data/data/final_render_250_y-11.28_z26.59_pupil_diameter_7.61mm.png,dataset/1k_images/host_data/training_data/binary_mask/final_render_250_y-11.28_z26.59_pupil_diameter_7.61mm.jpg0250.jpg
dataset/1k_images/host_data/training_data/data/final_render_251_y-14.27_z24.38_pupil_diameter_3.89mm.png,dataset/1k_images/host_data/training_data/binary_mask/final_render_251_y-14.27_z24.38_pupil_diameter_3.89mm.jpg0251.jpg
dataset/1k_images/host_data/training_data/data/final_render_252_y-7.31_z6.85_pupil_diameter_1.65mm.png,dataset/1k_images/host_data/training_data/binary_mask/final_render_252_y-7.31_z6.85_pupil_diameter_1.65mm.jpg0252.jpg
dataset/1k_images/host_data/training_data/data/final_render_253_y3.64_z-19.87_pupil_diameter_4.46mm.png,dataset/1k_images/host_data/training_data/binary_mask/final_render_253_y3.64_z-19.87_pupil_diameter_4.46mm.jpg0253.jpg
dataset/1k_images/host_data/training_data/data/final_render_254_y-4.18_z8.85_pupil_diameter_7.92mm.png,dataset/1k_images/host_data/training_data/binary_mask/final_render_254_y-4.18_z8.85_pupil_diameter_7.92mm.jpg0254.jpg
dataset/1k_images/host_data/training_data/data/final_render_255_y8.83_z-23.03_pupil_diameter_6.05mm.png,dataset/1k_images/host_data/training_data/binary_mask/final_render_255_y8.83_z-23.03_pupil_diameter_6.05mm.jpg0255.jpg
dataset/1k_images/host_data/training_data/data/final_render_256_y-10.75_z-21.32_pupil_diameter_4.18mm.png,dataset/1k_images/host_data/training_data/binary_mask/final_render_256_y-10.75_z-21.32_pupil_diameter_4.18mm.jpg0256.jpg
dataset/1k_images/host_data/training_data/data/final_render_257_y-23.71_z-21.34_pupil_diameter_1.48mm.png,dataset/1k_images/host_data/training_data/binary_mask/final_render_257_y-23.71_z-21.34_pupil_diameter_1.48mm.jpg0257.jpg
dataset/1k_images/host_data/training_data/data/final_render_258_y21.49_z-25.83_pupil_diameter_2.15mm.png,dataset/1k_images/host_data/training_data/binary_mask/final_render_258_y21.49_z-25.83_pupil_diameter_2.15mm.jpg0258.jpg
dataset/1k_images/host_data/training_data/data/final_render_259_y19.74_z-22.21_pupil_diameter_6.14mm.png,dataset/1k_images/host_data/training_data/binary_mask/final_render_259_y19.74_z-22.21_pupil_diameter_6.14mm.jpg0259.jpg
dataset/1k_images/host_data/training_data/data/final_render_25_y8.64_z2.46_pupil_diameter_4.35mm.png,dataset/1k_images/host_data/training_data/binary_mask/final_render_25_y8.64_z2.46_pupil_diameter_4.35mm.jpg0025.jpg
dataset/1k_images/host_data/training_data/data/final_render_260_y-3.36_z1.34_pupil_diameter_7.73mm.png,dataset/1k_images/host_data/training_data/binary_mask/final_render_260_y-3.36_z1.34_pupil_diameter_7.73mm.jpg0260.jpg
dataset/1k_images/host_data/training_data/data/final_render_261_y1.85_z-1.38_pupil_diameter_6.10mm.png,dataset/1k_images/host_data/training_data/binary_mask/final_render_261_y1.85_z-1.38_pupil_diameter_6.10mm.jpg0261.jpg
dataset/1k_images/host_data/training_data/data/final_render_262_y-17.24_z13.11_pupil_diameter_5.02mm.png,dataset/1k_images/host_data/training_data/binary_mask/final_render_262_y-17.24_z13.11_pupil_diameter_5.02mm.jpg0262.jpg
dataset/1k_images/host_data/training_data/data/final_render_263_y27.76_z17.94_pupil_diameter_2.09mm.png,dataset/1k_images/host_data/training_data/binary_mask/final_render_263_y27.76_z17.94_pupil_diameter_2.09mm.jpg0263.jpg
dataset/1k_images/host_data/training_data/data/final_render_264_y1.31_z14.60_pupil_diameter_8.00mm.png,dataset/1k_images/host_data/training_data/binary_mask/final_render_264_y1.31_z14.60_pupil_diameter_8.00mm.jpg0264.jpg
dataset/1k_images/host_data/training_data/data/final_render_265_y16.05_z3.55_pupil_diameter_3.93mm.png,dataset/1k_images/host_data/training_data/binary_mask/final_render_265_y16.05_z3.55_pupil_diameter_3.93mm.jpg0265.jpg
dataset/1k_images/host_data/training_data/data/final_render_266_y-12.31_z21.22_pupil_diameter_2.51mm.png,dataset/1k_images/host_data/training_data/binary_mask/final_render_266_y-12.31_z21.22_pupil_diameter_2.51mm.jpg0266.jpg
dataset/1k_images/host_data/training_data/data/final_render_267_y21.13_z-4.23_pupil_diameter_3.95mm.png,dataset/1k_images/host_data/training_data/binary_mask/final_render_267_y21.13_z-4.23_pupil_diameter_3.95mm.jpg0267.jpg
dataset/1k_images/host_data/training_data/data/final_render_268_y-26.05_z-18.36_pupil_diameter_4.21mm.png,dataset/1k_images/host_data/training_data/binary_mask/final_render_268_y-26.05_z-18.36_pupil_diameter_4.21mm.jpg0268.jpg
dataset/1k_images/host_data/training_data/data/final_render_269_y-1.61_z15.50_pupil_diameter_2.51mm.png,dataset/1k_images/host_data/training_data/binary_mask/final_render_269_y-1.61_z15.50_pupil_diameter_2.51mm.jpg0269.jpg
dataset/1k_images/host_data/training_data/data/final_render_26_y-2.29_z9.92_pupil_diameter_3.25mm.png,dataset/1k_images/host_data/training_data/binary_mask/final_render_26_y-2.29_z9.92_pupil_diameter_3.25mm.jpg0026.jpg
dataset/1k_images/host_data/training_data/data/final_render_270_y-15.87_z17.73_pupil_diameter_5.57mm.png,dataset/1k_images/host_data/training_data/binary_mask/final_render_270_y-15.87_z17.73_pupil_diameter_5.57mm.jpg0270.jpg
dataset/1k_images/host_data/training_data/data/final_render_271_y7.35_z28.74_pupil_diameter_3.03mm.png,dataset/1k_images/host_data/training_data/binary_mask/final_render_271_y7.35_z28.74_pupil_diameter_3.03mm.jpg0271.jpg
dataset/1k_images/host_data/training_data/data/final_render_272_y-26.03_z0.92_pupil_diameter_6.38mm.png,dataset/1k_images/host_data/training_data/binary_mask/final_render_272_y-26.03_z0.92_pupil_diameter_6.38mm.jpg0272.jpg
dataset/1k_images/host_data/training_data/data/final_render_273_y-19.06_z3.11_pupil_diameter_5.02mm.png,dataset/1k_images/host_data/training_data/binary_mask/final_render_273_y-19.06_z3.11_pupil_diameter_5.02mm.jpg0273.jpg
dataset/1k_images/host_data/training_data/data/final_render_274_y13.20_z24.91_pupil_diameter_6.17mm.png,dataset/1k_images/host_data/training_data/binary_mask/final_render_274_y13.20_z24.91_pupil_diameter_6.17mm.jpg0274.jpg
dataset/1k_images/host_data/training_data/data/final_render_275_y22.90_z-0.45_pupil_diameter_5.56mm.png,dataset/1k_images/host_data/training_data/binary_mask/final_render_275_y22.90_z-0.45_pupil_diameter_5.56mm.jpg0275.jpg
dataset/1k_images/host_data/training_data/data/final_render_276_y-3.93_z-26.14_pupil_diameter_7.48mm.png,dataset/1k_images/host_data/training_data/binary_mask/final_render_276_y-3.93_z-26.14_pupil_diameter_7.48mm.jpg0276.jpg
dataset/1k_images/host_data/training_data/data/final_render_277_y7.41_z22.82_pupil_diameter_4.48mm.png,dataset/1k_images/host_data/training_data/binary_mask/final_render_277_y7.41_z22.82_pupil_diameter_4.48mm.jpg0277.jpg
dataset/1k_images/host_data/training_data/data/final_render_278_y-12.82_z10.96_pupil_diameter_7.08mm.png,dataset/1k_images/host_data/training_data/binary_mask/final_render_278_y-12.82_z10.96_pupil_diameter_7.08mm.jpg0278.jpg
dataset/1k_images/host_data/training_data/data/final_render_279_y-3.07_z28.64_pupil_diameter_4.50mm.png,dataset/1k_images/host_data/training_data/binary_mask/final_render_279_y-3.07_z28.64_pupil_diameter_4.50mm.jpg0279.jpg
dataset/1k_images/host_data/training_data/data/final_render_27_y-19.99_z-13.49_pupil_diameter_2.36mm.png,dataset/1k_images/host_data/training_data/binary_mask/final_render_27_y-19.99_z-13.49_pupil_diameter_2.36mm.jpg0027.jpg
dataset/1k_images/host_data/training_data/data/final_render_280_y0.36_z-15.22_pupil_diameter_4.13mm.png,dataset/1k_images/host_data/training_data/binary_mask/final_render_280_y0.36_z-15.22_pupil_diameter_4.13mm.jpg0280.jpg
dataset/1k_images/host_data/training_data/data/final_render_281_y26.75_z17.42_pupil_diameter_5.77mm.png,dataset/1k_images/host_data/training_data/binary_mask/final_render_281_y26.75_z17.42_pupil_diameter_5.77mm.jpg0281.jpg
dataset/1k_images/host_data/training_data/data/final_render_282_y15.64_z28.65_pupil_diameter_3.49mm.png,dataset/1k_images/host_data/training_data/binary_mask/final_render_282_y15.64_z28.65_pupil_diameter_3.49mm.jpg0282.jpg
dataset/1k_images/host_data/training_data/data/final_render_283_y-1.61_z-5.48_pupil_diameter_7.69mm.png,dataset/1k_images/host_data/training_data/binary_mask/final_render_283_y-1.61_z-5.48_pupil_diameter_7.69mm.jpg0283.jpg
dataset/1k_images/host_data/training_data/data/final_render_284_y15.11_z-21.66_pupil_diameter_6.75mm.png,dataset/1k_images/host_data/training_data/binary_mask/final_render_284_y15.11_z-21.66_pupil_diameter_6.75mm.jpg0284.jpg
dataset/1k_images/host_data/training_data/data/final_render_285_y20.66_z9.98_pupil_diameter_3.24mm.png,dataset/1k_images/host_data/training_data/binary_mask/final_render_285_y20.66_z9.98_pupil_diameter_3.24mm.jpg0285.jpg
dataset/1k_images/host_data/training_data/data/final_render_286_y19.40_z-12.16_pupil_diameter_2.80mm.png,dataset/1k_images/host_data/training_data/binary_mask/final_render_286_y19.40_z-12.16_pupil_diameter_2.80mm.jpg0286.jpg
dataset/1k_images/host_data/training_data/data/final_render_287_y-12.04_z-20.97_pupil_diameter_7.04mm.png,dataset/1k_images/host_data/training_data/binary_mask/final_render_287_y-12.04_z-20.97_pupil_diameter_7.04mm.jpg0287.jpg
dataset/1k_images/host_data/training_data/data/final_render_288_y-23.62_z-24.54_pupil_diameter_5.01mm.png,dataset/1k_images/host_data/training_data/binary_mask/final_render_288_y-23.62_z-24.54_pupil_diameter_5.01mm.jpg0288.jpg
dataset/1k_images/host_data/training_data/data/final_render_289_y-11.76_z-28.11_pupil_diameter_6.10mm.png,dataset/1k_images/host_data/training_data/binary_mask/final_render_289_y-11.76_z-28.11_pupil_diameter_6.10mm.jpg0289.jpg
dataset/1k_images/host_data/training_data/data/final_render_28_y11.60_z6.49_pupil_diameter_2.63mm.png,dataset/1k_images/host_data/training_data/binary_mask/final_render_28_y11.60_z6.49_pupil_diameter_2.63mm.jpg0028.jpg
dataset/1k_images/host_data/training_data/data/final_render_290_y7.70_z-18.19_pupil_diameter_1.41mm.png,dataset/1k_images/host_data/training_data/binary_mask/final_render_290_y7.70_z-18.19_pupil_diameter_1.41mm.jpg0290.jpg
dataset/1k_images/host_data/training_data/data/final_render_291_y5.03_z-4.34_pupil_diameter_6.32mm.png,dataset/1k_images/host_data/training_data/binary_mask/final_render_291_y5.03_z-4.34_pupil_diameter_6.32mm.jpg0291.jpg
dataset/1k_images/host_data/training_data/data/final_render_292_y20.81_z10.17_pupil_diameter_4.02mm.png,dataset/1k_images/host_data/training_data/binary_mask/final_render_292_y20.81_z10.17_pupil_diameter_4.02mm.jpg0292.jpg
dataset/1k_images/host_data/training_data/data/final_render_293_y28.67_z23.44_pupil_diameter_6.59mm.png,dataset/1k_images/host_data/training_data/binary_mask/final_render_293_y28.67_z23.44_pupil_diameter_6.59mm.jpg0293.jpg
dataset/1k_images/host_data/training_data/data/final_render_294_y-11.76_z-8.10_pupil_diameter_3.00mm.png,dataset/1k_images/host_data/training_data/binary_mask/final_render_294_y-11.76_z-8.10_pupil_diameter_3.00mm.jpg0294.jpg
dataset/1k_images/host_data/training_data/data/final_render_295_y17.65_z19.99_pupil_diameter_2.54mm.png,dataset/1k_images/host_data/training_data/binary_mask/final_render_295_y17.65_z19.99_pupil_diameter_2.54mm.jpg0295.jpg
dataset/1k_images/host_data/training_data/data/final_render_296_y14.32_z23.75_pupil_diameter_7.21mm.png,dataset/1k_images/host_data/training_data/binary_mask/final_render_296_y14.32_z23.75_pupil_diameter_7.21mm.jpg0296.jpg
dataset/1k_images/host_data/training_data/data/final_render_297_y6.49_z3.73_pupil_diameter_1.53mm.png,dataset/1k_images/host_data/training_data/binary_mask/final_render_297_y6.49_z3.73_pupil_diameter_1.53mm.jpg0297.jpg
dataset/1k_images/host_data/training_data/data/final_render_298_y2.92_z-2.80_pupil_diameter_7.16mm.png,dataset/1k_images/host_data/training_data/binary_mask/final_render_298_y2.92_z-2.80_pupil_diameter_7.16mm.jpg0298.jpg
dataset/1k_images/host_data/training_data/data/final_render_299_y26.74_z16.43_pupil_diameter_2.47mm.png,dataset/1k_images/host_data/training_data/binary_mask/final_render_299_y26.74_z16.43_pupil_diameter_2.47mm.jpg0299.jpg
dataset/1k_images/host_data/training_data/data/final_render_29_y-7.43_z22.02_pupil_diameter_1.70mm.png,dataset/1k_images/host_data/training_data/binary_mask/final_render_29_y-7.43_z22.02_pupil_diameter_1.70mm.jpg0029.jpg
dataset/1k_images/host_data/training_data/data/final_render_2_y1.81_z-6.89_pupil_diameter_3.27mm.png,dataset/1k_images/host_data/training_data/binary_mask/final_render_2_y1.81_z-6.89_pupil_diameter_3.27mm.jpg0002.jpg
dataset/1k_images/host_data/training_data/data/final_render_300_y-15.25_z27.82_pupil_diameter_3.53mm.png,dataset/1k_images/host_data/training_data/binary_mask/final_render_300_y-15.25_z27.82_pupil_diameter_3.53mm.jpg0300.jpg
dataset/1k_images/host_data/training_data/data/final_render_301_y23.39_z12.05_pupil_diameter_4.30mm.png,dataset/1k_images/host_data/training_data/binary_mask/final_render_301_y23.39_z12.05_pupil_diameter_4.30mm.jpg0301.jpg
dataset/1k_images/host_data/training_data/data/final_render_302_y-6.22_z28.12_pupil_diameter_3.92mm.png,dataset/1k_images/host_data/training_data/binary_mask/final_render_302_y-6.22_z28.12_pupil_diameter_3.92mm.jpg0302.jpg
dataset/1k_images/host_data/training_data/data/final_render_303_y-0.40_z15.76_pupil_diameter_3.97mm.png,dataset/1k_images/host_data/training_data/binary_mask/final_render_303_y-0.40_z15.76_pupil_diameter_3.97mm.jpg0303.jpg
dataset/1k_images/host_data/training_data/data/final_render_304_y-29.05_z-5.45_pupil_diameter_1.90mm.png,dataset/1k_images/host_data/training_data/binary_mask/final_render_304_y-29.05_z-5.45_pupil_diameter_1.90mm.jpg0304.jpg
dataset/1k_images/host_data/training_data/data/final_render_305_y-16.19_z23.24_pupil_diameter_5.91mm.png,dataset/1k_images/host_data/training_data/binary_mask/final_render_305_y-16.19_z23.24_pupil_diameter_5.91mm.jpg0305.jpg
dataset/1k_images/host_data/training_data/data/final_render_306_y27.40_z29.88_pupil_diameter_7.67mm.png,dataset/1k_images/host_data/training_data/binary_mask/final_render_306_y27.40_z29.88_pupil_diameter_7.67mm.jpg0306.jpg
dataset/1k_images/host_data/training_data/data/final_render_307_y28.05_z-5.44_pupil_diameter_5.01mm.png,dataset/1k_images/host_data/training_data/binary_mask/final_render_307_y28.05_z-5.44_pupil_diameter_5.01mm.jpg0307.jpg
dataset/1k_images/host_data/training_data/data/final_render_308_y-5.31_z-23.29_pupil_diameter_6.15mm.png,dataset/1k_images/host_data/training_data/binary_mask/final_render_308_y-5.31_z-23.29_pupil_diameter_6.15mm.jpg0308.jpg
dataset/1k_images/host_data/training_data/data/final_render_309_y22.35_z29.44_pupil_diameter_1.70mm.png,dataset/1k_images/host_data/training_data/binary_mask/final_render_309_y22.35_z29.44_pupil_diameter_1.70mm.jpg0309.jpg
dataset/1k_images/host_data/training_data/data/final_render_30_y18.15_z-29.54_pupil_diameter_3.23mm.png,dataset/1k_images/host_data/training_data/binary_mask/final_render_30_y18.15_z-29.54_pupil_diameter_3.23mm.jpg0030.jpg
dataset/1k_images/host_data/training_data/data/final_render_310_y-9.53_z19.96_pupil_diameter_3.49mm.png,dataset/1k_images/host_data/training_data/binary_mask/final_render_310_y-9.53_z19.96_pupil_diameter_3.49mm.jpg0310.jpg
dataset/1k_images/host_data/training_data/data/final_render_311_y8.45_z-26.41_pupil_diameter_2.16mm.png,dataset/1k_images/host_data/training_data/binary_mask/final_render_311_y8.45_z-26.41_pupil_diameter_2.16mm.jpg0311.jpg
dataset/1k_images/host_data/training_data/data/final_render_312_y22.75_z28.48_pupil_diameter_1.16mm.png,dataset/1k_images/host_data/training_data/binary_mask/final_render_312_y22.75_z28.48_pupil_diameter_1.16mm.jpg0312.jpg
dataset/1k_images/host_data/training_data/data/final_render_313_y-5.93_z20.77_pupil_diameter_3.22mm.png,dataset/1k_images/host_data/training_data/binary_mask/final_render_313_y-5.93_z20.77_pupil_diameter_3.22mm.jpg0313.jpg
dataset/1k_images/host_data/training_data/data/final_render_314_y0.38_z-0.46_pupil_diameter_4.28mm.png,dataset/1k_images/host_data/training_data/binary_mask/final_render_314_y0.38_z-0.46_pupil_diameter_4.28mm.jpg0314.jpg
dataset/1k_images/host_data/training_data/data/final_render_315_y28.87_z10.94_pupil_diameter_3.33mm.png,dataset/1k_images/host_data/training_data/binary_mask/final_render_315_y28.87_z10.94_pupil_diameter_3.33mm.jpg0315.jpg
dataset/1k_images/host_data/training_data/data/final_render_316_y-21.95_z-4.31_pupil_diameter_6.90mm.png,dataset/1k_images/host_data/training_data/binary_mask/final_render_316_y-21.95_z-4.31_pupil_diameter_6.90mm.jpg0316.jpg
dataset/1k_images/host_data/training_data/data/final_render_317_y22.66_z-16.96_pupil_diameter_7.13mm.png,dataset/1k_images/host_data/training_data/binary_mask/final_render_317_y22.66_z-16.96_pupil_diameter_7.13mm.jpg0317.jpg
dataset/1k_images/host_data/training_data/data/final_render_318_y-15.68_z27.86_pupil_diameter_4.25mm.png,dataset/1k_images/host_data/training_data/binary_mask/final_render_318_y-15.68_z27.86_pupil_diameter_4.25mm.jpg0318.jpg
dataset/1k_images/host_data/training_data/data/final_render_319_y-18.02_z13.78_pupil_diameter_6.47mm.png,dataset/1k_images/host_data/training_data/binary_mask/final_render_319_y-18.02_z13.78_pupil_diameter_6.47mm.jpg0319.jpg
dataset/1k_images/host_data/training_data/data/final_render_31_y0.39_z6.69_pupil_diameter_5.58mm.png,dataset/1k_images/host_data/training_data/binary_mask/final_render_31_y0.39_z6.69_pupil_diameter_5.58mm.jpg0031.jpg
dataset/1k_images/host_data/training_data/data/final_render_320_y29.49_z-12.25_pupil_diameter_6.99mm.png,dataset/1k_images/host_data/training_data/binary_mask/final_render_320_y29.49_z-12.25_pupil_diameter_6.99mm.jpg0320.jpg
dataset/1k_images/host_data/training_data/data/final_render_321_y-8.23_z9.61_pupil_diameter_4.80mm.png,dataset/1k_images/host_data/training_data/binary_mask/final_render_321_y-8.23_z9.61_pupil_diameter_4.80mm.jpg0321.jpg
dataset/1k_images/host_data/training_data/data/final_render_322_y24.05_z-2.80_pupil_diameter_7.89mm.png,dataset/1k_images/host_data/training_data/binary_mask/final_render_322_y24.05_z-2.80_pupil_diameter_7.89mm.jpg0322.jpg
dataset/1k_images/host_data/training_data/data/final_render_323_y3.29_z29.32_pupil_diameter_2.08mm.png,dataset/1k_images/host_data/training_data/binary_mask/final_render_323_y3.29_z29.32_pupil_diameter_2.08mm.jpg0323.jpg
dataset/1k_images/host_data/training_data/data/final_render_324_y-24.24_z-7.12_pupil_diameter_6.46mm.png,dataset/1k_images/host_data/training_data/binary_mask/final_render_324_y-24.24_z-7.12_pupil_diameter_6.46mm.jpg0324.jpg
dataset/1k_images/host_data/training_data/data/final_render_325_y-6.29_z-10.01_pupil_diameter_2.71mm.png,dataset/1k_images/host_data/training_data/binary_mask/final_render_325_y-6.29_z-10.01_pupil_diameter_2.71mm.jpg0325.jpg
dataset/1k_images/host_data/training_data/data/final_render_326_y25.82_z25.58_pupil_diameter_2.68mm.png,dataset/1k_images/host_data/training_data/binary_mask/final_render_326_y25.82_z25.58_pupil_diameter_2.68mm.jpg0326.jpg
dataset/1k_images/host_data/training_data/data/final_render_327_y17.56_z-2.26_pupil_diameter_4.30mm.png,dataset/1k_images/host_data/training_data/binary_mask/final_render_327_y17.56_z-2.26_pupil_diameter_4.30mm.jpg0327.jpg
dataset/1k_images/host_data/training_data/data/final_render_328_y-27.80_z-14.84_pupil_diameter_7.70mm.png,dataset/1k_images/host_data/training_data/binary_mask/final_render_328_y-27.80_z-14.84_pupil_diameter_7.70mm.jpg0328.jpg
dataset/1k_images/host_data/training_data/data/final_render_329_y26.38_z0.98_pupil_diameter_6.20mm.png,dataset/1k_images/host_data/training_data/binary_mask/final_render_329_y26.38_z0.98_pupil_diameter_6.20mm.jpg0329.jpg
dataset/1k_images/host_data/training_data/data/final_render_32_y-29.46_z-4.03_pupil_diameter_1.83mm.png,dataset/1k_images/host_data/training_data/binary_mask/final_render_32_y-29.46_z-4.03_pupil_diameter_1.83mm.jpg0032.jpg
dataset/1k_images/host_data/training_data/data/final_render_330_y-15.44_z3.53_pupil_diameter_3.80mm.png,dataset/1k_images/host_data/training_data/binary_mask/final_render_330_y-15.44_z3.53_pupil_diameter_3.80mm.jpg0330.jpg
dataset/1k_images/host_data/training_data/data/final_render_331_y21.45_z-20.42_pupil_diameter_3.49mm.png,dataset/1k_images/host_data/training_data/binary_mask/final_render_331_y21.45_z-20.42_pupil_diameter_3.49mm.jpg0331.jpg
dataset/1k_images/host_data/training_data/data/final_render_332_y-5.68_z11.58_pupil_diameter_6.91mm.png,dataset/1k_images/host_data/training_data/binary_mask/final_render_332_y-5.68_z11.58_pupil_diameter_6.91mm.jpg0332.jpg
dataset/1k_images/host_data/training_data/data/final_render_333_y19.60_z-10.37_pupil_diameter_4.47mm.png,dataset/1k_images/host_data/training_data/binary_mask/final_render_333_y19.60_z-10.37_pupil_diameter_4.47mm.jpg0333.jpg
dataset/1k_images/host_data/training_data/data/final_render_334_y6.50_z26.56_pupil_diameter_2.47mm.png,dataset/1k_images/host_data/training_data/binary_mask/final_render_334_y6.50_z26.56_pupil_diameter_2.47mm.jpg0334.jpg
dataset/1k_images/host_data/training_data/data/final_render_335_y3.21_z-6.59_pupil_diameter_2.20mm.png,dataset/1k_images/host_data/training_data/binary_mask/final_render_335_y3.21_z-6.59_pupil_diameter_2.20mm.jpg0335.jpg
dataset/1k_images/host_data/training_data/data/final_render_336_y11.99_z21.09_pupil_diameter_2.22mm.png,dataset/1k_images/host_data/training_data/binary_mask/final_render_336_y11.99_z21.09_pupil_diameter_2.22mm.jpg0336.jpg
dataset/1k_images/host_data/training_data/data/final_render_337_y-23.50_z21.05_pupil_diameter_4.68mm.png,dataset/1k_images/host_data/training_data/binary_mask/final_render_337_y-23.50_z21.05_pupil_diameter_4.68mm.jpg0337.jpg
dataset/1k_images/host_data/training_data/data/final_render_338_y-7.81_z-20.09_pupil_diameter_2.51mm.png,dataset/1k_images/host_data/training_data/binary_mask/final_render_338_y-7.81_z-20.09_pupil_diameter_2.51mm.jpg0338.jpg
dataset/1k_images/host_data/training_data/data/final_render_339_y-17.94_z7.39_pupil_diameter_5.29mm.png,dataset/1k_images/host_data/training_data/binary_mask/final_render_339_y-17.94_z7.39_pupil_diameter_5.29mm.jpg0339.jpg
dataset/1k_images/host_data/training_data/data/final_render_33_y-17.02_z29.27_pupil_diameter_1.18mm.png,dataset/1k_images/host_data/training_data/binary_mask/final_render_33_y-17.02_z29.27_pupil_diameter_1.18mm.jpg0033.jpg
dataset/1k_images/host_data/training_data/data/final_render_340_y-3.32_z5.60_pupil_diameter_1.67mm.png,dataset/1k_images/host_data/training_data/binary_mask/final_render_340_y-3.32_z5.60_pupil_diameter_1.67mm.jpg0340.jpg
dataset/1k_images/host_data/training_data/data/final_render_341_y-20.37_z-16.89_pupil_diameter_1.24mm.png,dataset/1k_images/host_data/training_data/binary_mask/final_render_341_y-20.37_z-16.89_pupil_diameter_1.24mm.jpg0341.jpg
dataset/1k_images/host_data/training_data/data/final_render_342_y-23.02_z-8.40_pupil_diameter_4.34mm.png,dataset/1k_images/host_data/training_data/binary_mask/final_render_342_y-23.02_z-8.40_pupil_diameter_4.34mm.jpg0342.jpg
dataset/1k_images/host_data/training_data/data/final_render_343_y21.96_z-4.75_pupil_diameter_3.41mm.png,dataset/1k_images/host_data/training_data/binary_mask/final_render_343_y21.96_z-4.75_pupil_diameter_3.41mm.jpg0343.jpg
dataset/1k_images/host_data/training_data/data/final_render_344_y0.71_z-11.81_pupil_diameter_3.33mm.png,dataset/1k_images/host_data/training_data/binary_mask/final_render_344_y0.71_z-11.81_pupil_diameter_3.33mm.jpg0344.jpg
dataset/1k_images/host_data/training_data/data/final_render_345_y27.22_z21.79_pupil_diameter_4.54mm.png,dataset/1k_images/host_data/training_data/binary_mask/final_render_345_y27.22_z21.79_pupil_diameter_4.54mm.jpg0345.jpg
dataset/1k_images/host_data/training_data/data/final_render_346_y-20.33_z-4.52_pupil_diameter_3.71mm.png,dataset/1k_images/host_data/training_data/binary_mask/final_render_346_y-20.33_z-4.52_pupil_diameter_3.71mm.jpg0346.jpg
dataset/1k_images/host_data/training_data/data/final_render_347_y15.08_z-28.21_pupil_diameter_3.19mm.png,dataset/1k_images/host_data/training_data/binary_mask/final_render_347_y15.08_z-28.21_pupil_diameter_3.19mm.jpg0347.jpg
dataset/1k_images/host_data/training_data/data/final_render_348_y-0.40_z-26.35_pupil_diameter_7.40mm.png,dataset/1k_images/host_data/training_data/binary_mask/final_render_348_y-0.40_z-26.35_pupil_diameter_7.40mm.jpg0348.jpg
dataset/1k_images/host_data/training_data/data/final_render_349_y5.06_z-22.93_pupil_diameter_1.15mm.png,dataset/1k_images/host_data/training_data/binary_mask/final_render_349_y5.06_z-22.93_pupil_diameter_1.15mm.jpg0349.jpg
dataset/1k_images/host_data/training_data/data/final_render_34_y23.16_z-17.98_pupil_diameter_6.26mm.png,dataset/1k_images/host_data/training_data/binary_mask/final_render_34_y23.16_z-17.98_pupil_diameter_6.26mm.jpg0034.jpg
dataset/1k_images/host_data/training_data/data/final_render_350_y-7.68_z-13.94_pupil_diameter_5.42mm.png,dataset/1k_images/host_data/training_data/binary_mask/final_render_350_y-7.68_z-13.94_pupil_diameter_5.42mm.jpg0350.jpg
dataset/1k_images/host_data/training_data/data/final_render_351_y-15.63_z-12.60_pupil_diameter_1.37mm.png,dataset/1k_images/host_data/training_data/binary_mask/final_render_351_y-15.63_z-12.60_pupil_diameter_1.37mm.jpg0351.jpg
dataset/1k_images/host_data/training_data/data/final_render_352_y-8.41_z-17.28_pupil_diameter_4.50mm.png,dataset/1k_images/host_data/training_data/binary_mask/final_render_352_y-8.41_z-17.28_pupil_diameter_4.50mm.jpg0352.jpg
dataset/1k_images/host_data/training_data/data/final_render_353_y-21.21_z-4.11_pupil_diameter_3.50mm.png,dataset/1k_images/host_data/training_data/binary_mask/final_render_353_y-21.21_z-4.11_pupil_diameter_3.50mm.jpg0353.jpg
dataset/1k_images/host_data/training_data/data/final_render_354_y6.13_z-12.73_pupil_diameter_7.06mm.png,dataset/1k_images/host_data/training_data/binary_mask/final_render_354_y6.13_z-12.73_pupil_diameter_7.06mm.jpg0354.jpg
dataset/1k_images/host_data/training_data/data/final_render_355_y2.74_z-19.99_pupil_diameter_7.18mm.png,dataset/1k_images/host_data/training_data/binary_mask/final_render_355_y2.74_z-19.99_pupil_diameter_7.18mm.jpg0355.jpg
dataset/1k_images/host_data/training_data/data/final_render_356_y-5.73_z0.58_pupil_diameter_2.89mm.png,dataset/1k_images/host_data/training_data/binary_mask/final_render_356_y-5.73_z0.58_pupil_diameter_2.89mm.jpg0356.jpg
dataset/1k_images/host_data/training_data/data/final_render_357_y-5.00_z16.54_pupil_diameter_1.44mm.png,dataset/1k_images/host_data/training_data/binary_mask/final_render_357_y-5.00_z16.54_pupil_diameter_1.44mm.jpg0357.jpg
dataset/1k_images/host_data/training_data/data/final_render_358_y9.21_z24.33_pupil_diameter_5.10mm.png,dataset/1k_images/host_data/training_data/binary_mask/final_render_358_y9.21_z24.33_pupil_diameter_5.10mm.jpg0358.jpg
dataset/1k_images/host_data/training_data/data/final_render_359_y-19.04_z-2.56_pupil_diameter_4.05mm.png,dataset/1k_images/host_data/training_data/binary_mask/final_render_359_y-19.04_z-2.56_pupil_diameter_4.05mm.jpg0359.jpg
dataset/1k_images/host_data/training_data/data/final_render_35_y8.01_z-24.82_pupil_diameter_2.43mm.png,dataset/1k_images/host_data/training_data/binary_mask/final_render_35_y8.01_z-24.82_pupil_diameter_2.43mm.jpg0035.jpg
dataset/1k_images/host_data/training_data/data/final_render_360_y12.19_z28.47_pupil_diameter_5.02mm.png,dataset/1k_images/host_data/training_data/binary_mask/final_render_360_y12.19_z28.47_pupil_diameter_5.02mm.jpg0360.jpg
dataset/1k_images/host_data/training_data/data/final_render_361_y27.34_z-12.63_pupil_diameter_4.09mm.png,dataset/1k_images/host_data/training_data/binary_mask/final_render_361_y27.34_z-12.63_pupil_diameter_4.09mm.jpg0361.jpg
dataset/1k_images/host_data/training_data/data/final_render_362_y7.48_z-18.21_pupil_diameter_5.33mm.png,dataset/1k_images/host_data/training_data/binary_mask/final_render_362_y7.48_z-18.21_pupil_diameter_5.33mm.jpg0362.jpg
dataset/1k_images/host_data/training_data/data/final_render_363_y-22.44_z-14.63_pupil_diameter_2.48mm.png,dataset/1k_images/host_data/training_data/binary_mask/final_render_363_y-22.44_z-14.63_pupil_diameter_2.48mm.jpg0363.jpg
dataset/1k_images/host_data/training_data/data/final_render_364_y-2.86_z12.49_pupil_diameter_7.73mm.png,dataset/1k_images/host_data/training_data/binary_mask/final_render_364_y-2.86_z12.49_pupil_diameter_7.73mm.jpg0364.jpg
dataset/1k_images/host_data/training_data/data/final_render_365_y4.52_z-28.20_pupil_diameter_4.78mm.png,dataset/1k_images/host_data/training_data/binary_mask/final_render_365_y4.52_z-28.20_pupil_diameter_4.78mm.jpg0365.jpg
dataset/1k_images/host_data/training_data/data/final_render_366_y-9.82_z4.17_pupil_diameter_4.62mm.png,dataset/1k_images/host_data/training_data/binary_mask/final_render_366_y-9.82_z4.17_pupil_diameter_4.62mm.jpg0366.jpg
dataset/1k_images/host_data/training_data/data/final_render_367_y-9.31_z-7.65_pupil_diameter_2.59mm.png,dataset/1k_images/host_data/training_data/binary_mask/final_render_367_y-9.31_z-7.65_pupil_diameter_2.59mm.jpg0367.jpg
dataset/1k_images/host_data/training_data/data/final_render_368_y14.25_z14.41_pupil_diameter_5.16mm.png,dataset/1k_images/host_data/training_data/binary_mask/final_render_368_y14.25_z14.41_pupil_diameter_5.16mm.jpg0368.jpg
dataset/1k_images/host_data/training_data/data/final_render_369_y11.19_z19.63_pupil_diameter_7.24mm.png,dataset/1k_images/host_data/training_data/binary_mask/final_render_369_y11.19_z19.63_pupil_diameter_7.24mm.jpg0369.jpg
dataset/1k_images/host_data/training_data/data/final_render_36_y-15.14_z9.87_pupil_diameter_3.76mm.png,dataset/1k_images/host_data/training_data/binary_mask/final_render_36_y-15.14_z9.87_pupil_diameter_3.76mm.jpg0036.jpg
dataset/1k_images/host_data/training_data/data/final_render_370_y21.49_z28.88_pupil_diameter_7.47mm.png,dataset/1k_images/host_data/training_data/binary_mask/final_render_370_y21.49_z28.88_pupil_diameter_7.47mm.jpg0370.jpg
dataset/1k_images/host_data/training_data/data/final_render_371_y-17.72_z25.39_pupil_diameter_7.40mm.png,dataset/1k_images/host_data/training_data/binary_mask/final_render_371_y-17.72_z25.39_pupil_diameter_7.40mm.jpg0371.jpg
dataset/1k_images/host_data/training_data/data/final_render_372_y-24.24_z-17.63_pupil_diameter_1.01mm.png,dataset/1k_images/host_data/training_data/binary_mask/final_render_372_y-24.24_z-17.63_pupil_diameter_1.01mm.jpg0372.jpg
dataset/1k_images/host_data/training_data/data/final_render_373_y18.59_z5.69_pupil_diameter_3.73mm.png,dataset/1k_images/host_data/training_data/binary_mask/final_render_373_y18.59_z5.69_pupil_diameter_3.73mm.jpg0373.jpg
dataset/1k_images/host_data/training_data/data/final_render_374_y-20.18_z12.83_pupil_diameter_4.16mm.png,dataset/1k_images/host_data/training_data/binary_mask/final_render_374_y-20.18_z12.83_pupil_diameter_4.16mm.jpg0374.jpg
dataset/1k_images/host_data/training_data/data/final_render_375_y14.68_z3.01_pupil_diameter_7.06mm.png,dataset/1k_images/host_data/training_data/binary_mask/final_render_375_y14.68_z3.01_pupil_diameter_7.06mm.jpg0375.jpg
dataset/1k_images/host_data/training_data/data/final_render_376_y23.03_z-26.82_pupil_diameter_7.98mm.png,dataset/1k_images/host_data/training_data/binary_mask/final_render_376_y23.03_z-26.82_pupil_diameter_7.98mm.jpg0376.jpg
dataset/1k_images/host_data/training_data/data/final_render_377_y-2.97_z2.53_pupil_diameter_6.98mm.png,dataset/1k_images/host_data/training_data/binary_mask/final_render_377_y-2.97_z2.53_pupil_diameter_6.98mm.jpg0377.jpg
dataset/1k_images/host_data/training_data/data/final_render_378_y3.73_z21.48_pupil_diameter_6.72mm.png,dataset/1k_images/host_data/training_data/binary_mask/final_render_378_y3.73_z21.48_pupil_diameter_6.72mm.jpg0378.jpg
dataset/1k_images/host_data/training_data/data/final_render_379_y-4.24_z-3.45_pupil_diameter_1.32mm.png,dataset/1k_images/host_data/training_data/binary_mask/final_render_379_y-4.24_z-3.45_pupil_diameter_1.32mm.jpg0379.jpg
dataset/1k_images/host_data/training_data/data/final_render_37_y-4.50_z7.91_pupil_diameter_6.35mm.png,dataset/1k_images/host_data/training_data/binary_mask/final_render_37_y-4.50_z7.91_pupil_diameter_6.35mm.jpg0037.jpg
dataset/1k_images/host_data/training_data/data/final_render_380_y16.59_z24.07_pupil_diameter_1.21mm.png,dataset/1k_images/host_data/training_data/binary_mask/final_render_380_y16.59_z24.07_pupil_diameter_1.21mm.jpg0380.jpg
dataset/1k_images/host_data/training_data/data/final_render_381_y24.51_z12.91_pupil_diameter_6.84mm.png,dataset/1k_images/host_data/training_data/binary_mask/final_render_381_y24.51_z12.91_pupil_diameter_6.84mm.jpg0381.jpg
dataset/1k_images/host_data/training_data/data/final_render_382_y-24.69_z-19.34_pupil_diameter_3.21mm.png,dataset/1k_images/host_data/training_data/binary_mask/final_render_382_y-24.69_z-19.34_pupil_diameter_3.21mm.jpg0382.jpg
dataset/1k_images/host_data/training_data/data/final_render_383_y19.64_z21.33_pupil_diameter_6.94mm.png,dataset/1k_images/host_data/training_data/binary_mask/final_render_383_y19.64_z21.33_pupil_diameter_6.94mm.jpg0383.jpg
dataset/1k_images/host_data/training_data/data/final_render_384_y-14.07_z-14.01_pupil_diameter_5.12mm.png,dataset/1k_images/host_data/training_data/binary_mask/final_render_384_y-14.07_z-14.01_pupil_diameter_5.12mm.jpg0384.jpg
dataset/1k_images/host_data/training_data/data/final_render_385_y6.37_z-14.73_pupil_diameter_5.06mm.png,dataset/1k_images/host_data/training_data/binary_mask/final_render_385_y6.37_z-14.73_pupil_diameter_5.06mm.jpg0385.jpg
dataset/1k_images/host_data/training_data/data/final_render_386_y6.96_z13.33_pupil_diameter_6.36mm.png,dataset/1k_images/host_data/training_data/binary_mask/final_render_386_y6.96_z13.33_pupil_diameter_6.36mm.jpg0386.jpg
dataset/1k_images/host_data/training_data/data/final_render_387_y0.51_z28.43_pupil_diameter_7.60mm.png,dataset/1k_images/host_data/training_data/binary_mask/final_render_387_y0.51_z28.43_pupil_diameter_7.60mm.jpg0387.jpg
dataset/1k_images/host_data/training_data/data/final_render_388_y11.96_z-9.76_pupil_diameter_4.56mm.png,dataset/1k_images/host_data/training_data/binary_mask/final_render_388_y11.96_z-9.76_pupil_diameter_4.56mm.jpg0388.jpg
