image_path,diameter
dataset/1k_images/client_data/training_data/data/final_render_45_y4.33_z-10.15_pupil_diameter_3.37mm.png,3.37
dataset/1k_images/client_data/training_data/data/final_render_460_y23.67_z-9.70_pupil_diameter_1.47mm.png,1.47
dataset/1k_images/client_data/training_data/data/final_render_461_y-16.12_z7.05_pupil_diameter_5.54mm.png,5.54
dataset/1k_images/client_data/training_data/data/final_render_462_y-11.02_z-22.72_pupil_diameter_1.61mm.png,1.61
dataset/1k_images/client_data/training_data/data/final_render_463_y-9.30_z19.15_pupil_diameter_2.69mm.png,2.69
dataset/1k_images/client_data/training_data/data/final_render_464_y-17.43_z0.83_pupil_diameter_4.29mm.png,4.29
dataset/1k_images/client_data/training_data/data/final_render_465_y20.89_z16.83_pupil_diameter_7.39mm.png,7.39
dataset/1k_images/client_data/training_data/data/final_render_466_y-11.64_z14.82_pupil_diameter_5.82mm.png,5.82
dataset/1k_images/client_data/training_data/data/final_render_467_y12.29_z-16.62_pupil_diameter_1.93mm.png,1.93
dataset/1k_images/client_data/training_data/data/final_render_468_y-24.13_z-28.86_pupil_diameter_7.72mm.png,7.72
dataset/1k_images/client_data/training_data/data/final_render_469_y21.77_z-9.33_pupil_diameter_3.36mm.png,3.36
dataset/1k_images/client_data/training_data/data/final_render_46_y-22.08_z25.35_pupil_diameter_4.64mm.png,4.64
dataset/1k_images/client_data/training_data/data/final_render_470_y7.87_z3.30_pupil_diameter_4.20mm.png,4.20
dataset/1k_images/client_data/training_data/data/final_render_471_y14.36_z28.72_pupil_diameter_2.08mm.png,2.08
dataset/1k_images/client_data/training_data/data/final_render_472_y-21.68_z20.11_pupil_diameter_1.26mm.png,1.26
dataset/1k_images/client_data/training_data/data/final_render_473_y23.39_z9.36_pupil_diameter_6.88mm.png,6.88
dataset/1k_images/client_data/training_data/data/final_render_474_y-17.67_z-10.76_pupil_diameter_3.08mm.png,3.08
dataset/1k_images/client_data/training_data/data/final_render_475_y14.41_z-29.69_pupil_diameter_7.83mm.png,7.83
dataset/1k_images/client_data/training_data/data/final_render_476_y-11.97_z21.72_pupil_diameter_7.60mm.png,7.60
dataset/1k_images/client_data/training_data/data/final_render_477_y-23.81_z17.62_pupil_diameter_7.44mm.png,7.44
dataset/1k_images/client_data/training_data/data/final_render_478_y-16.42_z19.99_pupil_diameter_2.10mm.png,2.10
dataset/1k_images/client_data/training_data/data/final_render_479_y-9.26_z-17.76_pupil_diameter_2.31mm.png,2.31
dataset/1k_images/client_data/training_data/data/final_render_47_y11.29_z-10.67_pupil_diameter_5.53mm.png,5.53
dataset/1k_images/client_data/training_data/data/final_render_480_y-26.20_z-4.51_pupil_diameter_7.30mm.png,7.30
dataset/1k_images/client_data/training_data/data/final_render_481_y-24.98_z-29.59_pupil_diameter_4.07mm.png,4.07
dataset/1k_images/client_data/training_data/data/final_render_482_y-15.81_z15.27_pupil_diameter_3.78mm.png,3.78
dataset/1k_images/client_data/training_data/data/final_render_483_y22.60_z-25.99_pupil_diameter_3.55mm.png,3.55
dataset/1k_images/client_data/training_data/data/final_render_484_y2.03_z-3.08_pupil_diameter_2.49mm.png,2.49
dataset/1k_images/client_data/training_data/data/final_render_485_y-26.52_z12.13_pupil_diameter_2.86mm.png,2.86
dataset/1k_images/client_data/training_data/data/final_render_486_y-3.50_z-17.67_pupil_diameter_6.69mm.png,6.69
dataset/1k_images/client_data/training_data/data/final_render_487_y-3.97_z23.24_pupil_diameter_7.77mm.png,7.77
dataset/1k_images/client_data/training_data/data/final_render_488_y-22.19_z1.42_pupil_diameter_7.35mm.png,7.35
dataset/1k_images/client_data/training_data/data/final_render_489_y3.55_z-9.30_pupil_diameter_2.03mm.png,2.03
dataset/1k_images/client_data/training_data/data/final_render_48_y-15.15_z-7.19_pupil_diameter_5.96mm.png,5.96
dataset/1k_images/client_data/training_data/data/final_render_490_y-3.65_z9.50_pupil_diameter_2.94mm.png,2.94
dataset/1k_images/client_data/training_data/data/final_render_491_y-1.71_z4.21_pupil_diameter_2.64mm.png,2.64
dataset/1k_images/client_data/training_data/data/final_render_492_y19.34_z-9.01_pupil_diameter_5.35mm.png,5.35
dataset/1k_images/client_data/training_data/data/final_render_493_y7.60_z11.56_pupil_diameter_5.39mm.png,5.39
dataset/1k_images/client_data/training_data/data/final_render_494_y22.77_z-26.99_pupil_diameter_1.97mm.png,1.97
dataset/1k_images/client_data/training_data/data/final_render_495_y25.25_z-10.98_pupil_diameter_3.51mm.png,3.51
dataset/1k_images/client_data/training_data/data/final_render_496_y-2.88_z-29.27_pupil_diameter_6.85mm.png,6.85
dataset/1k_images/client_data/training_data/data/final_render_497_y25.00_z-24.62_pupil_diameter_3.57mm.png,3.57
dataset/1k_images/client_data/training_data/data/final_render_498_y-3.75_z3.01_pupil_diameter_7.97mm.png,7.97
dataset/1k_images/client_data/training_data/data/final_render_499_y-21.65_z3.72_pupil_diameter_5.21mm.png,5.21
dataset/1k_images/client_data/training_data/data/final_render_49_y26.16_z21.78_pupil_diameter_5.89mm.png,5.89
dataset/1k_images/client_data/training_data/data/final_render_4_y21.77_z15.09_pupil_diameter_2.17mm.png,2.17
dataset/1k_images/client_data/training_data/data/final_render_500_y-14.11_z26.24_pupil_diameter_4.35mm.png,4.35
dataset/1k_images/client_data/training_data/data/final_render_501_y-5.82_z13.13_pupil_diameter_4.31mm.png,4.31
dataset/1k_images/client_data/training_data/data/final_render_502_y15.97_z-23.79_pupil_diameter_7.88mm.png,7.88
dataset/1k_images/client_data/training_data/data/final_render_503_y5.76_z21.17_pupil_diameter_6.81mm.png,6.81
dataset/1k_images/client_data/training_data/data/final_render_504_y9.58_z18.54_pupil_diameter_2.92mm.png,2.92
dataset/1k_images/client_data/training_data/data/final_render_505_y29.64_z-25.33_pupil_diameter_3.15mm.png,3.15
dataset/1k_images/client_data/training_data/data/final_render_506_y19.56_z1.65_pupil_diameter_7.26mm.png,7.26
dataset/1k_images/client_data/training_data/data/final_render_507_y-22.22_z4.39_pupil_diameter_3.83mm.png,3.83
dataset/1k_images/client_data/training_data/data/final_render_508_y19.07_z7.54_pupil_diameter_1.13mm.png,1.13
dataset/1k_images/client_data/training_data/data/final_render_509_y-26.70_z17.33_pupil_diameter_6.36mm.png,6.36
dataset/1k_images/client_data/training_data/data/final_render_50_y18.46_z11.70_pupil_diameter_6.89mm.png,6.89
dataset/1k_images/client_data/training_data/data/final_render_510_y24.69_z-13.46_pupil_diameter_6.49mm.png,6.49
dataset/1k_images/client_data/training_data/data/final_render_511_y-5.14_z-28.15_pupil_diameter_6.16mm.png,6.16
dataset/1k_images/client_data/training_data/data/final_render_512_y18.79_z15.10_pupil_diameter_4.68mm.png,4.68
dataset/1k_images/client_data/training_data/data/final_render_513_y22.61_z17.21_pupil_diameter_6.57mm.png,6.57
dataset/1k_images/client_data/training_data/data/final_render_514_y-8.40_z-14.12_pupil_diameter_5.35mm.png,5.35
dataset/1k_images/client_data/training_data/data/final_render_515_y7.25_z-4.67_pupil_diameter_6.35mm.png,6.35
dataset/1k_images/client_data/training_data/data/final_render_516_y-2.28_z-24.75_pupil_diameter_4.73mm.png,4.73
dataset/1k_images/client_data/training_data/data/final_render_517_y24.70_z-26.93_pupil_diameter_5.28mm.png,5.28
dataset/1k_images/client_data/training_data/data/final_render_518_y-2.90_z-27.82_pupil_diameter_7.83mm.png,7.83
dataset/1k_images/client_data/training_data/data/final_render_519_y-25.85_z-7.08_pupil_diameter_4.97mm.png,4.97
dataset/1k_images/client_data/training_data/data/final_render_51_y-11.63_z21.22_pupil_diameter_1.42mm.png,1.42
dataset/1k_images/client_data/training_data/data/final_render_520_y-22.78_z-26.51_pupil_diameter_4.21mm.png,4.21
dataset/1k_images/client_data/training_data/data/final_render_521_y16.03_z27.10_pupil_diameter_7.56mm.png,7.56
dataset/1k_images/client_data/training_data/data/final_render_522_y-8.73_z12.71_pupil_diameter_7.93mm.png,7.93
dataset/1k_images/client_data/training_data/data/final_render_523_y-17.93_z-23.65_pupil_diameter_5.02mm.png,5.02
dataset/1k_images/client_data/training_data/data/final_render_524_y-14.76_z-26.31_pupil_diameter_5.13mm.png,5.13
dataset/1k_images/client_data/training_data/data/final_render_525_y-22.75_z-15.25_pupil_diameter_3.94mm.png,3.94
dataset/1k_images/client_data/training_data/data/final_render_526_y28.29_z7.55_pupil_diameter_1.13mm.png,1.13
dataset/1k_images/client_data/training_data/data/final_render_527_y17.15_z-8.78_pupil_diameter_5.33mm.png,5.33
dataset/1k_images/client_data/training_data/data/final_render_528_y23.14_z-19.82_pupil_diameter_1.05mm.png,1.05
dataset/1k_images/client_data/training_data/data/final_render_529_y23.07_z-23.51_pupil_diameter_6.74mm.png,6.74
dataset/1k_images/client_data/training_data/data/final_render_52_y8.66_z0.63_pupil_diameter_7.36mm.png,7.36
dataset/1k_images/client_data/training_data/data/final_render_530_y-2.89_z-6.36_pupil_diameter_3.74mm.png,3.74
dataset/1k_images/client_data/training_data/data/final_render_531_y-28.02_z-25.40_pupil_diameter_7.58mm.png,7.58
dataset/1k_images/client_data/training_data/data/final_render_532_y19.52_z27.62_pupil_diameter_7.83mm.png,7.83
dataset/1k_images/client_data/training_data/data/final_render_533_y23.32_z-6.87_pupil_diameter_6.61mm.png,6.61
dataset/1k_images/client_data/training_data/data/final_render_534_y13.48_z-3.91_pupil_diameter_6.60mm.png,6.60
dataset/1k_images/client_data/training_data/data/final_render_535_y-24.60_z-4.76_pupil_diameter_7.88mm.png,7.88
dataset/1k_images/client_data/training_data/data/final_render_536_y12.64_z15.73_pupil_diameter_6.48mm.png,6.48
dataset/1k_images/client_data/training_data/data/final_render_537_y24.82_z-12.50_pupil_diameter_3.56mm.png,3.56
dataset/1k_images/client_data/training_data/data/final_render_538_y-15.89_z19.56_pupil_diameter_2.20mm.png,2.20
dataset/1k_images/client_data/training_data/data/final_render_539_y-10.94_z-22.81_pupil_diameter_1.47mm.png,1.47
dataset/1k_images/client_data/training_data/data/final_render_53_y27.53_z-27.22_pupil_diameter_7.28mm.png,7.28
dataset/1k_images/client_data/training_data/data/final_render_540_y12.87_z-29.70_pupil_diameter_7.07mm.png,7.07
dataset/1k_images/client_data/training_data/data/final_render_541_y-2.15_z-7.38_pupil_diameter_7.53mm.png,7.53
dataset/1k_images/client_data/training_data/data/final_render_542_y10.76_z12.82_pupil_diameter_7.09mm.png,7.09
dataset/1k_images/client_data/training_data/data/final_render_543_y24.52_z5.50_pupil_diameter_4.79mm.png,4.79
dataset/1k_images/client_data/training_data/data/final_render_544_y0.73_z-16.01_pupil_diameter_4.88mm.png,4.88
dataset/1k_images/client_data/training_data/data/final_render_545_y23.03_z29.09_pupil_diameter_3.17mm.png,3.17
dataset/1k_images/client_data/training_data/data/final_render_546_y26.98_z16.82_pupil_diameter_2.94mm.png,2.94
dataset/1k_images/client_data/training_data/data/final_render_547_y-8.42_z0.38_pupil_diameter_2.41mm.png,2.41
dataset/1k_images/client_data/training_data/data/final_render_548_y-21.77_z-2.86_pupil_diameter_4.98mm.png,4.98
dataset/1k_images/client_data/training_data/data/final_render_549_y-21.52_z21.16_pupil_diameter_1.73mm.png,1.73
dataset/1k_images/client_data/training_data/data/final_render_54_y-17.01_z-5.90_pupil_diameter_3.65mm.png,3.65
dataset/1k_images/client_data/training_data/data/final_render_550_y-1.97_z1.17_pupil_diameter_1.14mm.png,1.14
dataset/1k_images/client_data/training_data/data/final_render_551_y0.78_z17.91_pupil_diameter_7.80mm.png,7.80
dataset/1k_images/client_data/training_data/data/final_render_552_y-17.99_z16.95_pupil_diameter_6.52mm.png,6.52
dataset/1k_images/client_data/training_data/data/final_render_553_y-0.20_z11.98_pupil_diameter_4.57mm.png,4.57
dataset/1k_images/client_data/training_data/data/final_render_554_y2.60_z-4.78_pupil_diameter_3.07mm.png,3.07
dataset/1k_images/client_data/training_data/data/final_render_555_y5.56_z14.16_pupil_diameter_2.17mm.png,2.17
dataset/1k_images/client_data/training_data/data/final_render_556_y5.83_z-4.58_pupil_diameter_3.91mm.png,3.91
dataset/1k_images/client_data/training_data/data/final_render_557_y17.54_z21.14_pupil_diameter_5.37mm.png,5.37
dataset/1k_images/client_data/training_data/data/final_render_558_y27.99_z1.76_pupil_diameter_2.96mm.png,2.96
dataset/1k_images/client_data/training_data/data/final_render_559_y-20.44_z-4.32_pupil_diameter_1.43mm.png,1.43
dataset/1k_images/client_data/training_data/data/final_render_55_y-17.45_z-24.64_pupil_diameter_5.89mm.png,5.89
dataset/1k_images/client_data/training_data/data/final_render_560_y22.76_z-15.10_pupil_diameter_2.95mm.png,2.95
dataset/1k_images/client_data/training_data/data/final_render_561_y15.48_z18.15_pupil_diameter_1.90mm.png,1.90
dataset/1k_images/client_data/training_data/data/final_render_562_y-4.60_z28.33_pupil_diameter_3.38mm.png,3.38
dataset/1k_images/client_data/training_data/data/final_render_563_y2.66_z-6.51_pupil_diameter_2.13mm.png,2.13
dataset/1k_images/client_data/training_data/data/final_render_564_y-20.37_z-3.35_pupil_diameter_6.83mm.png,6.83
dataset/1k_images/client_data/training_data/data/final_render_565_y29.21_z8.69_pupil_diameter_2.68mm.png,2.68
dataset/1k_images/client_data/training_data/data/final_render_566_y-24.15_z-29.81_pupil_diameter_5.03mm.png,5.03
dataset/1k_images/client_data/training_data/data/final_render_567_y-27.31_z26.83_pupil_diameter_7.59mm.png,7.59
dataset/1k_images/client_data/training_data/data/final_render_568_y5.02_z-12.36_pupil_diameter_7.44mm.png,7.44
dataset/1k_images/client_data/training_data/data/final_render_569_y1.15_z-16.41_pupil_diameter_1.57mm.png,1.57
dataset/1k_images/client_data/training_data/data/final_render_56_y-24.02_z2.07_pupil_diameter_7.04mm.png,7.04
dataset/1k_images/client_data/training_data/data/final_render_570_y2.85_z-13.69_pupil_diameter_2.11mm.png,2.11
dataset/1k_images/client_data/training_data/data/final_render_571_y-18.26_z-24.40_pupil_diameter_5.39mm.png,5.39
dataset/1k_images/client_data/training_data/data/final_render_572_y5.35_z-10.88_pupil_diameter_1.25mm.png,1.25
dataset/1k_images/client_data/training_data/data/final_render_573_y19.72_z13.44_pupil_diameter_5.28mm.png,5.28
dataset/1k_images/client_data/training_data/data/final_render_574_y15.64_z-26.24_pupil_diameter_3.21mm.png,3.21
dataset/1k_images/client_data/training_data/data/final_render_575_y10.43_z3.35_pupil_diameter_5.59mm.png,5.59
dataset/1k_images/client_data/training_data/data/final_render_576_y-23.10_z5.53_pupil_diameter_2.39mm.png,2.39
dataset/1k_images/client_data/training_data/data/final_render_577_y7.44_z7.41_pupil_diameter_1.62mm.png,1.62
dataset/1k_images/client_data/training_data/data/final_render_578_y-19.43_z-12.68_pupil_diameter_4.25mm.png,4.25
dataset/1k_images/client_data/training_data/data/final_render_579_y-20.91_z-15.49_pupil_diameter_7.71mm.png,7.71
dataset/1k_images/client_data/training_data/data/final_render_57_y-23.62_z4.99_pupil_diameter_5.59mm.png,5.59
dataset/1k_images/client_data/training_data/data/final_render_580_y-27.98_z-9.44_pupil_diameter_6.63mm.png,6.63
dataset/1k_images/client_data/training_data/data/final_render_581_y8.90_z21.79_pupil_diameter_2.07mm.png,2.07
dataset/1k_images/client_data/training_data/data/final_render_582_y-13.71_z-0.82_pupil_diameter_1.78mm.png,1.78
dataset/1k_images/client_data/training_data/data/final_render_583_y-7.83_z10.26_pupil_diameter_1.72mm.png,1.72
dataset/1k_images/client_data/training_data/data/final_render_584_y22.94_z5.48_pupil_diameter_4.44mm.png,4.44
dataset/1k_images/client_data/training_data/data/final_render_585_y-11.05_z-2.56_pupil_diameter_6.23mm.png,6.23
dataset/1k_images/client_data/training_data/data/final_render_586_y24.61_z23.67_pupil_diameter_1.89mm.png,1.89
dataset/1k_images/client_data/training_data/data/final_render_587_y-17.82_z12.73_pupil_diameter_6.87mm.png,6.87
dataset/1k_images/client_data/training_data/data/final_render_588_y-1.56_z-23.25_pupil_diameter_5.49mm.png,5.49
dataset/1k_images/client_data/training_data/data/final_render_589_y-23.50_z25.17_pupil_diameter_1.95mm.png,1.95
dataset/1k_images/client_data/training_data/data/final_render_58_y17.82_z16.96_pupil_diameter_4.03mm.png,4.03
dataset/1k_images/client_data/training_data/data/final_render_590_y11.63_z-16.35_pupil_diameter_7.11mm.png,7.11
dataset/1k_images/client_data/training_data/data/final_render_591_y-23.02_z-11.36_pupil_diameter_1.81mm.png,1.81
dataset/1k_images/client_data/training_data/data/final_render_592_y-2.72_z19.08_pupil_diameter_6.96mm.png,6.96
dataset/1k_images/client_data/training_data/data/final_render_593_y-25.29_z-26.06_pupil_diameter_6.56mm.png,6.56
dataset/1k_images/client_data/training_data/data/final_render_594_y21.66_z-22.27_pupil_diameter_3.80mm.png,3.80
dataset/1k_images/client_data/training_data/data/final_render_595_y16.33_z-25.09_pupil_diameter_1.44mm.png,1.44
dataset/1k_images/client_data/training_data/data/final_render_596_y-9.15_z-10.09_pupil_diameter_4.09mm.png,4.09
dataset/1k_images/client_data/training_data/data/final_render_597_y28.76_z17.88_pupil_diameter_6.50mm.png,6.50
dataset/1k_images/client_data/training_data/data/final_render_598_y29.39_z29.98_pupil_diameter_2.78mm.png,2.78
dataset/1k_images/client_data/training_data/data/final_render_599_y-29.72_z10.64_pupil_diameter_5.17mm.png,5.17
dataset/1k_images/client_data/training_data/data/final_render_59_y-18.55_z12.14_pupil_diameter_1.20mm.png,1.20
dataset/1k_images/client_data/training_data/data/final_render_5_y15.07_z-22.03_pupil_diameter_4.64mm.png,4.64
dataset/1k_images/client_data/training_data/data/final_render_600_y-3.35_z-24.23_pupil_diameter_5.66mm.png,5.66
dataset/1k_images/client_data/training_data/data/final_render_601_y23.68_z26.42_pupil_diameter_5.60mm.png,5.60
dataset/1k_images/client_data/training_data/data/final_render_602_y-10.67_z-0.95_pupil_diameter_1.37mm.png,1.37
dataset/1k_images/client_data/training_data/data/final_render_603_y11.31_z28.01_pupil_diameter_7.60mm.png,7.60
dataset/1k_images/client_data/training_data/data/final_render_604_y-15.97_z-22.16_pupil_diameter_2.33mm.png,2.33
dataset/1k_images/client_data/training_data/data/final_render_605_y-23.63_z5.70_pupil_diameter_1.35mm.png,1.35
dataset/1k_images/client_data/training_data/data/final_render_606_y-19.38_z1.69_pupil_diameter_7.52mm.png,7.52
dataset/1k_images/client_data/training_data/data/final_render_607_y-18.05_z-7.73_pupil_diameter_3.37mm.png,3.37
dataset/1k_images/client_data/training_data/data/final_render_608_y3.38_z-22.78_pupil_diameter_6.40mm.png,6.40
dataset/1k_images/client_data/training_data/data/final_render_609_y-15.00_z28.86_pupil_diameter_6.78mm.png,6.78
dataset/1k_images/client_data/training_data/data/final_render_60_y-13.38_z-12.84_pupil_diameter_1.18mm.png,1.18
dataset/1k_images/client_data/training_data/data/final_render_610_y-26.16_z-28.24_pupil_diameter_6.72mm.png,6.72
dataset/1k_images/client_data/training_data/data/final_render_611_y19.82_z-14.33_pupil_diameter_4.64mm.png,4.64
dataset/1k_images/client_data/training_data/data/final_render_612_y-24.36_z22.61_pupil_diameter_3.23mm.png,3.23
dataset/1k_images/client_data/training_data/data/final_render_613_y-20.85_z-8.34_pupil_diameter_4.44mm.png,4.44
dataset/1k_images/client_data/training_data/data/final_render_614_y13.06_z-25.88_pupil_diameter_4.28mm.png,4.28
dataset/1k_images/client_data/training_data/data/final_render_615_y1.00_z4.74_pupil_diameter_3.41mm.png,3.41
dataset/1k_images/client_data/training_data/data/final_render_616_y24.39_z-8.78_pupil_diameter_4.41mm.png,4.41
dataset/1k_images/client_data/training_data/data/final_render_617_y7.63_z-27.44_pupil_diameter_5.55mm.png,5.55
dataset/1k_images/client_data/training_data/data/final_render_618_y25.68_z9.31_pupil_diameter_2.94mm.png,2.94
dataset/1k_images/client_data/training_data/data/final_render_619_y21.11_z-12.33_pupil_diameter_7.19mm.png,7.19
dataset/1k_images/client_data/training_data/data/final_render_61_y15.71_z-13.28_pupil_diameter_7.93mm.png,7.93
dataset/1k_images/client_data/training_data/data/final_render_620_y26.72_z12.05_pupil_diameter_3.99mm.png,3.99
dataset/1k_images/client_data/training_data/data/final_render_621_y16.66_z-6.36_pupil_diameter_2.79mm.png,2.79
dataset/1k_images/client_data/training_data/data/final_render_622_y-27.91_z-29.47_pupil_diameter_6.42mm.png,6.42
dataset/1k_images/client_data/training_data/data/final_render_623_y-8.93_z12.72_pupil_diameter_3.63mm.png,3.63
dataset/1k_images/client_data/training_data/data/final_render_624_y2.76_z-4.02_pupil_diameter_2.49mm.png,2.49
dataset/1k_images/client_data/training_data/data/final_render_625_y-28.37_z-0.10_pupil_diameter_4.43mm.png,4.43
dataset/1k_images/client_data/training_data/data/final_render_626_y11.05_z-15.85_pupil_diameter_3.88mm.png,3.88
dataset/1k_images/client_data/training_data/data/final_render_627_y23.40_z-14.42_pupil_diameter_1.30mm.png,1.30
dataset/1k_images/client_data/training_data/data/final_render_628_y29.27_z12.05_pupil_diameter_4.53mm.png,4.53
dataset/1k_images/client_data/training_data/data/final_render_629_y-21.61_z-0.83_pupil_diameter_6.46mm.png,6.46
dataset/1k_images/client_data/training_data/data/final_render_62_y3.78_z6.67_pupil_diameter_3.25mm.png,3.25
dataset/1k_images/client_data/training_data/data/final_render_630_y0.34_z-12.25_pupil_diameter_3.85mm.png,3.85
dataset/1k_images/client_data/training_data/data/final_render_631_y27.55_z-1.87_pupil_diameter_3.84mm.png,3.84
dataset/1k_images/client_data/training_data/data/final_render_632_y-10.73_z11.55_pupil_diameter_7.43mm.png,7.43
dataset/1k_images/client_data/training_data/data/final_render_633_y-12.08_z-1.47_pupil_diameter_2.74mm.png,2.74
dataset/1k_images/client_data/training_data/data/final_render_634_y-5.14_z-26.17_pupil_diameter_2.85mm.png,2.85
dataset/1k_images/client_data/training_data/data/final_render_635_y-24.31_z-4.50_pupil_diameter_2.65mm.png,2.65
dataset/1k_images/client_data/training_data/data/final_render_636_y7.93_z11.96_pupil_diameter_2.63mm.png,2.63
dataset/1k_images/client_data/training_data/data/final_render_637_y-9.11_z28.09_pupil_diameter_1.88mm.png,1.88
dataset/1k_images/client_data/training_data/data/final_render_638_y22.26_z6.29_pupil_diameter_6.18mm.png,6.18
dataset/1k_images/client_data/training_data/data/final_render_639_y26.15_z10.32_pupil_diameter_4.04mm.png,4.04
dataset/1k_images/client_data/training_data/data/final_render_63_y10.61_z16.37_pupil_diameter_2.19mm.png,2.19
dataset/1k_images/client_data/training_data/data/final_render_640_y9.60_z-17.37_pupil_diameter_7.09mm.png,7.09
dataset/1k_images/client_data/training_data/data/final_render_641_y-26.99_z-12.51_pupil_diameter_1.03mm.png,1.03
dataset/1k_images/client_data/training_data/data/final_render_642_y-7.67_z7.96_pupil_diameter_2.91mm.png,2.91
dataset/1k_images/client_data/training_data/data/final_render_643_y16.40_z20.23_pupil_diameter_4.84mm.png,4.84
dataset/1k_images/client_data/training_data/data/final_render_644_y25.15_z-21.97_pupil_diameter_7.11mm.png,7.11
dataset/1k_images/client_data/training_data/data/final_render_645_y9.87_z-10.68_pupil_diameter_6.96mm.png,6.96
dataset/1k_images/client_data/training_data/data/final_render_646_y7.23_z18.40_pupil_diameter_4.97mm.png,4.97
dataset/1k_images/client_data/training_data/data/final_render_647_y19.77_z-11.41_pupil_diameter_4.42mm.png,4.42
dataset/1k_images/client_data/training_data/data/final_render_648_y11.98_z1.26_pupil_diameter_4.20mm.png,4.20
dataset/1k_images/client_data/training_data/data/final_render_649_y-24.03_z13.77_pupil_diameter_4.08mm.png,4.08
dataset/1k_images/client_data/training_data/data/final_render_64_y22.26_z-29.71_pupil_diameter_2.24mm.png,2.24
dataset/1k_images/client_data/training_data/data/final_render_650_y-14.85_z11.06_pupil_diameter_4.49mm.png,4.49
dataset/1k_images/client_data/training_data/data/final_render_651_y-28.88_z7.83_pupil_diameter_7.86mm.png,7.86
dataset/1k_images/client_data/training_data/data/final_render_652_y3.75_z4.36_pupil_diameter_2.46mm.png,2.46
dataset/1k_images/client_data/training_data/data/final_render_653_y6.29_z3.76_pupil_diameter_1.17mm.png,1.17
dataset/1k_images/client_data/training_data/data/final_render_654_y5.47_z-10.44_pupil_diameter_2.10mm.png,2.10
dataset/1k_images/client_data/training_data/data/final_render_655_y1.62_z-4.57_pupil_diameter_1.58mm.png,1.58
dataset/1k_images/client_data/training_data/data/final_render_656_y-3.26_z-12.65_pupil_diameter_2.15mm.png,2.15
dataset/1k_images/client_data/training_data/data/final_render_657_y21.82_z21.20_pupil_diameter_1.36mm.png,1.36
dataset/1k_images/client_data/training_data/data/final_render_658_y5.51_z-2.02_pupil_diameter_6.19mm.png,6.19
dataset/1k_images/client_data/training_data/data/final_render_659_y2.42_z22.75_pupil_diameter_3.73mm.png,3.73
dataset/1k_images/client_data/training_data/data/final_render_65_y2.07_z3.50_pupil_diameter_4.44mm.png,4.44
dataset/1k_images/client_data/training_data/data/final_render_660_y-8.75_z20.28_pupil_diameter_5.19mm.png,5.19
dataset/1k_images/client_data/training_data/data/final_render_661_y27.12_z-13.04_pupil_diameter_4.96mm.png,4.96
dataset/1k_images/client_data/training_data/data/final_render_662_y-3.71_z-21.43_pupil_diameter_5.35mm.png,5.35
dataset/1k_images/client_data/training_data/data/final_render_663_y-9.13_z3.22_pupil_diameter_4.18mm.png,4.18
dataset/1k_images/client_data/training_data/data/final_render_664_y-20.05_z-27.40_pupil_diameter_4.37mm.png,4.37
dataset/1k_images/client_data/training_data/data/final_render_665_y26.45_z1.13_pupil_diameter_4.56mm.png,4.56
dataset/1k_images/client_data/training_data/data/final_render_666_y-15.35_z24.35_pupil_diameter_3.80mm.png,3.80
dataset/1k_images/client_data/training_data/data/final_render_667_y-27.64_z11.72_pupil_diameter_4.47mm.png,4.47
dataset/1k_images/client_data/training_data/data/final_render_668_y-27.60_z3.03_pupil_diameter_5.47mm.png,5.47
dataset/1k_images/client_data/training_data/data/final_render_669_y13.69_z16.28_pupil_diameter_1.72mm.png,1.72
dataset/1k_images/client_data/training_data/data/final_render_66_y16.55_z25.75_pupil_diameter_3.39mm.png,3.39
dataset/1k_images/client_data/training_data/data/final_render_670_y-28.54_z-14.40_pupil_diameter_2.21mm.png,2.21
dataset/1k_images/client_data/training_data/data/final_render_671_y24.14_z-15.16_pupil_diameter_2.68mm.png,2.68
dataset/1k_images/client_data/training_data/data/final_render_672_y11.87_z-29.32_pupil_diameter_6.73mm.png,6.73
dataset/1k_images/client_data/training_data/data/final_render_673_y-7.61_z-8.95_pupil_diameter_6.12mm.png,6.12
dataset/1k_images/client_data/training_data/data/final_render_674_y-1.44_z19.49_pupil_diameter_7.04mm.png,7.04
dataset/1k_images/client_data/training_data/data/final_render_675_y-26.05_z7.72_pupil_diameter_6.99mm.png,6.99
dataset/1k_images/client_data/training_data/data/final_render_676_y-16.34_z8.50_pupil_diameter_1.73mm.png,1.73
dataset/1k_images/client_data/training_data/data/final_render_677_y14.34_z22.84_pupil_diameter_1.41mm.png,1.41
dataset/1k_images/client_data/training_data/data/final_render_678_y-6.31_z26.41_pupil_diameter_5.05mm.png,5.05
dataset/1k_images/client_data/training_data/data/final_render_679_y-16.76_z-25.01_pupil_diameter_2.32mm.png,2.32
dataset/1k_images/client_data/training_data/data/final_render_67_y-1.99_z-23.11_pupil_diameter_1.55mm.png,1.55
dataset/1k_images/client_data/training_data/data/final_render_680_y8.92_z-7.49_pupil_diameter_2.34mm.png,2.34
dataset/1k_images/client_data/training_data/data/final_render_681_y2.24_z-21.36_pupil_diameter_3.84mm.png,3.84
dataset/1k_images/client_data/training_data/data/final_render_682_y21.03_z-24.43_pupil_diameter_5.33mm.png,5.33
dataset/1k_images/client_data/training_data/data/final_render_683_y17.88_z-17.00_pupil_diameter_6.91mm.png,6.91
dataset/1k_images/client_data/training_data/data/final_render_684_y-10.15_z-7.20_pupil_diameter_5.21mm.png,5.21
dataset/1k_images/client_data/training_data/data/final_render_685_y12.67_z-25.99_pupil_diameter_3.10mm.png,3.10
dataset/1k_images/client_data/training_data/data/final_render_686_y21.73_z-12.92_pupil_diameter_4.38mm.png,4.38
dataset/1k_images/client_data/training_data/data/final_render_687_y-14.86_z-9.94_pupil_diameter_4.42mm.png,4.42
dataset/1k_images/client_data/training_data/data/final_render_688_y-5.48_z-11.78_pupil_diameter_6.88mm.png,6.88
dataset/1k_images/client_data/training_data/data/final_render_689_y10.80_z-17.52_pupil_diameter_7.16mm.png,7.16
dataset/1k_images/client_data/training_data/data/final_render_68_y14.02_z15.88_pupil_diameter_1.34mm.png,1.34
dataset/1k_images/client_data/training_data/data/final_render_690_y10.81_z-18.40_pupil_diameter_5.43mm.png,5.43
dataset/1k_images/client_data/training_data/data/final_render_691_y2.56_z28.46_pupil_diameter_5.84mm.png,5.84
dataset/1k_images/client_data/training_data/data/final_render_692_y-3.91_z-2.38_pupil_diameter_1.08mm.png,1.08
dataset/1k_images/client_data/training_data/data/final_render_693_y-21.50_z5.50_pupil_diameter_6.30mm.png,6.30
dataset/1k_images/client_data/training_data/data/final_render_694_y3.30_z-21.98_pupil_diameter_4.10mm.png,4.10
dataset/1k_images/client_data/training_data/data/final_render_695_y6.55_z18.44_pupil_diameter_1.66mm.png,1.66
dataset/1k_images/client_data/training_data/data/final_render_696_y-21.12_z-3.19_pupil_diameter_3.58mm.png,3.58
dataset/1k_images/client_data/training_data/data/final_render_697_y-21.79_z25.55_pupil_diameter_1.51mm.png,1.51
dataset/1k_images/client_data/training_data/data/final_render_698_y2.41_z17.13_pupil_diameter_3.26mm.png,3.26
dataset/1k_images/client_data/training_data/data/final_render_699_y-25.67_z18.78_pupil_diameter_4.88mm.png,4.88
dataset/1k_images/client_data/training_data/data/final_render_69_y-0.89_z2.30_pupil_diameter_6.78mm.png,6.78
dataset/1k_images/client_data/training_data/data/final_render_6_y-9.79_z-8.84_pupil_diameter_7.42mm.png,7.42
dataset/1k_images/client_data/training_data/data/final_render_700_y13.95_z-22.95_pupil_diameter_3.88mm.png,3.88
dataset/1k_images/client_data/training_data/data/final_render_701_y-5.50_z-6.51_pupil_diameter_5.12mm.png,5.12
dataset/1k_images/client_data/training_data/data/final_render_702_y17.20_z-10.92_pupil_diameter_2.73mm.png,2.73
dataset/1k_images/client_data/training_data/data/final_render_703_y-25.32_z-5.81_pupil_diameter_1.64mm.png,1.64
dataset/1k_images/client_data/training_data/data/final_render_704_y25.42_z-21.88_pupil_diameter_2.72mm.png,2.72
dataset/1k_images/client_data/training_data/data/final_render_705_y17.55_z-15.94_pupil_diameter_1.71mm.png,1.71
dataset/1k_images/client_data/training_data/data/final_render_706_y18.25_z-7.75_pupil_diameter_6.91mm.png,6.91
dataset/1k_images/client_data/training_data/data/final_render_707_y21.05_z-0.90_pupil_diameter_2.87mm.png,2.87
dataset/1k_images/client_data/training_data/data/final_render_708_y28.48_z-8.18_pupil_diameter_3.74mm.png,3.74
dataset/1k_images/client_data/training_data/data/final_render_709_y16.82_z29.60_pupil_diameter_6.58mm.png,6.58
dataset/1k_images/client_data/training_data/data/final_render_70_y14.85_z19.25_pupil_diameter_5.47mm.png,5.47
dataset/1k_images/client_data/training_data/data/final_render_710_y-23.64_z5.57_pupil_diameter_1.95mm.png,1.95
dataset/1k_images/client_data/training_data/data/final_render_711_y4.57_z1.56_pupil_diameter_4.69mm.png,4.69
dataset/1k_images/client_data/training_data/data/final_render_712_y-23.20_z-3.91_pupil_diameter_4.43mm.png,4.43
dataset/1k_images/client_data/training_data/data/final_render_713_y18.21_z-16.03_pupil_diameter_7.52mm.png,7.52
dataset/1k_images/client_data/training_data/data/final_render_714_y25.00_z21.09_pupil_diameter_3.83mm.png,3.83
dataset/1k_images/client_data/training_data/data/final_render_715_y6.37_z-8.20_pupil_diameter_4.39mm.png,4.39
dataset/1k_images/client_data/training_data/data/final_render_716_y15.15_z25.46_pupil_diameter_3.79mm.png,3.79
dataset/1k_images/client_data/training_data/data/final_render_717_y6.86_z-26.26_pupil_diameter_6.57mm.png,6.57
dataset/1k_images/client_data/training_data/data/final_render_718_y-13.95_z4.57_pupil_diameter_5.58mm.png,5.58
dataset/1k_images/client_data/training_data/data/final_render_719_y13.10_z26.13_pupil_diameter_5.60mm.png,5.60
dataset/1k_images/client_data/training_data/data/final_render_71_y-10.92_z20.54_pupil_diameter_3.04mm.png,3.04
dataset/1k_images/client_data/training_data/data/final_render_720_y-10.17_z18.36_pupil_diameter_4.38mm.png,4.38
dataset/1k_images/client_data/training_data/data/final_render_721_y2.76_z27.92_pupil_diameter_5.36mm.png,5.36
dataset/1k_images/client_data/training_data/data/final_render_722_y-13.81_z18.92_pupil_diameter_5.76mm.png,5.76
dataset/1k_images/client_data/training_data/data/final_render_723_y-2.15_z1.35_pupil_diameter_1.15mm.png,1.15
dataset/1k_images/client_data/training_data/data/final_render_724_y-20.78_z-0.98_pupil_diameter_2.80mm.png,2.80
dataset/1k_images/client_data/training_data/data/final_render_725_y16.24_z25.90_pupil_diameter_4.16mm.png,4.16
dataset/1k_images/client_data/training_data/data/final_render_726_y6.25_z1.22_pupil_diameter_1.10mm.png,1.10
dataset/1k_images/client_data/training_data/data/final_render_727_y21.10_z-24.20_pupil_diameter_2.76mm.png,2.76
dataset/1k_images/client_data/training_data/data/final_render_728_y9.86_z5.59_pupil_diameter_2.98mm.png,2.98
dataset/1k_images/client_data/training_data/data/final_render_729_y6.72_z4.44_pupil_diameter_7.03mm.png,7.03
dataset/1k_images/client_data/training_data/data/final_render_72_y28.50_z9.18_pupil_diameter_5.39mm.png,5.39
dataset/1k_images/client_data/training_data/data/final_render_730_y29.46_z25.83_pupil_diameter_3.37mm.png,3.37
dataset/1k_images/client_data/training_data/data/final_render_731_y29.69_z-9.82_pupil_diameter_5.65mm.png,5.65
dataset/1k_images/client_data/training_data/data/final_render_732_y20.71_z-19.98_pupil_diameter_4.99mm.png,4.99
dataset/1k_images/client_data/training_data/data/final_render_733_y-11.78_z-26.33_pupil_diameter_2.76mm.png,2.76
dataset/1k_images/client_data/training_data/data/final_render_734_y0.27_z-24.42_pupil_diameter_6.13mm.png,6.13
dataset/1k_images/client_data/training_data/data/final_render_735_y8.92_z-25.71_pupil_diameter_1.09mm.png,1.09
dataset/1k_images/client_data/training_data/data/final_render_736_y11.06_z18.45_pupil_diameter_5.93mm.png,5.93
dataset/1k_images/client_data/training_data/data/final_render_737_y26.83_z23.41_pupil_diameter_3.94mm.png,3.94
dataset/1k_images/client_data/training_data/data/final_render_738_y-7.94_z28.38_pupil_diameter_4.27mm.png,4.27
dataset/1k_images/client_data/training_data/data/final_render_739_y24.26_z-27.97_pupil_diameter_1.31mm.png,1.31
dataset/1k_images/client_data/training_data/data/final_render_73_y17.02_z-16.94_pupil_diameter_2.65mm.png,2.65
dataset/1k_images/client_data/training_data/data/final_render_740_y27.41_z-1.84_pupil_diameter_6.99mm.png,6.99
dataset/1k_images/client_data/training_data/data/final_render_741_y13.70_z-0.14_pupil_diameter_5.39mm.png,5.39
dataset/1k_images/client_data/training_data/data/final_render_742_y-4.04_z-27.61_pupil_diameter_3.17mm.png,3.17
dataset/1k_images/client_data/training_data/data/final_render_743_y11.41_z21.48_pupil_diameter_3.99mm.png,3.99
dataset/1k_images/client_data/training_data/data/final_render_744_y14.01_z13.50_pupil_diameter_5.49mm.png,5.49
dataset/1k_images/client_data/training_data/data/final_render_745_y-3.67_z-19.40_pupil_diameter_6.00mm.png,6.00
dataset/1k_images/client_data/training_data/data/final_render_746_y-13.90_z-23.83_pupil_diameter_4.15mm.png,4.15
dataset/1k_images/client_data/training_data/data/final_render_747_y0.58_z-14.49_pupil_diameter_3.46mm.png,3.46
dataset/1k_images/client_data/training_data/data/final_render_748_y25.31_z-23.05_pupil_diameter_6.93mm.png,6.93
dataset/1k_images/client_data/training_data/data/final_render_749_y-14.43_z-8.28_pupil_diameter_4.05mm.png,4.05
dataset/1k_images/client_data/training_data/data/final_render_74_y-0.93_z-10.46_pupil_diameter_6.21mm.png,6.21
dataset/1k_images/client_data/training_data/data/final_render_750_y20.29_z-8.93_pupil_diameter_5.00mm.png,5.00
dataset/1k_images/client_data/training_data/data/final_render_751_y-1.51_z-10.92_pupil_diameter_6.09mm.png,6.09
dataset/1k_images/client_data/training_data/data/final_render_752_y19.06_z13.84_pupil_diameter_6.41mm.png,6.41
dataset/1k_images/client_data/training_data/data/final_render_753_y8.21_z1.02_pupil_diameter_4.37mm.png,4.37
dataset/1k_images/client_data/training_data/data/final_render_754_y-26.59_z10.39_pupil_diameter_4.72mm.png,4.72
dataset/1k_images/client_data/training_data/data/final_render_755_y-16.16_z-10.90_pupil_diameter_2.39mm.png,2.39
dataset/1k_images/client_data/training_data/data/final_render_756_y-16.95_z21.17_pupil_diameter_3.33mm.png,3.33
dataset/1k_images/client_data/training_data/data/final_render_757_y27.23_z-26.97_pupil_diameter_6.63mm.png,6.63
dataset/1k_images/client_data/training_data/data/final_render_758_y-15.14_z26.88_pupil_diameter_1.84mm.png,1.84
dataset/1k_images/client_data/training_data/data/final_render_759_y-20.82_z-7.53_pupil_diameter_5.53mm.png,5.53
dataset/1k_images/client_data/training_data/data/final_render_75_y11.04_z-9.48_pupil_diameter_5.66mm.png,5.66
dataset/1k_images/client_data/training_data/data/final_render_760_y-9.23_z23.14_pupil_diameter_2.20mm.png,2.20
dataset/1k_images/client_data/training_data/data/final_render_761_y-12.26_z3.04_pupil_diameter_4.76mm.png,4.76
dataset/1k_images/client_data/training_data/data/final_render_762_y12.62_z26.25_pupil_diameter_3.13mm.png,3.13
dataset/1k_images/client_data/training_data/data/final_render_763_y-24.89_z25.49_pupil_diameter_3.16mm.png,3.16
dataset/1k_images/client_data/training_data/data/final_render_764_y17.31_z-8.20_pupil_diameter_4.70mm.png,4.70
dataset/1k_images/client_data/training_data/data/final_render_765_y-25.20_z-28.64_pupil_diameter_2.23mm.png,2.23
dataset/1k_images/client_data/training_data/data/final_render_766_y-18.79_z-19.02_pupil_diameter_3.21mm.png,3.21
dataset/1k_images/client_data/training_data/data/final_render_767_y-26.76_z14.01_pupil_diameter_6.99mm.png,6.99
dataset/1k_images/client_data/training_data/data/final_render_768_y8.68_z-29.63_pupil_diameter_6.30mm.png,6.30
dataset/1k_images/client_data/training_data/data/final_render_769_y15.92_z7.20_pupil_diameter_1.42mm.png,1.42
dataset/1k_images/client_data/training_data/data/final_render_76_y-8.23_z12.68_pupil_diameter_5.04mm.png,5.04
dataset/1k_images/client_data/training_data/data/final_render_770_y27.19_z-29.48_pupil_diameter_4.89mm.png,4.89
dataset/1k_images/client_data/training_data/data/final_render_771_y11.91_z0.77_pupil_diameter_6.38mm.png,6.38
dataset/1k_images/client_data/training_data/data/final_render_772_y7.81_z18.16_pupil_diameter_4.08mm.png,4.08
dataset/1k_images/client_data/training_data/data/final_render_773_y21.70_z-3.96_pupil_diameter_7.89mm.png,7.89
dataset/1k_images/client_data/training_data/data/final_render_774_y-9.14_z-29.68_pupil_diameter_3.36mm.png,3.36
dataset/1k_images/client_data/training_data/data/final_render_775_y-14.53_z-22.70_pupil_diameter_1.72mm.png,1.72
dataset/1k_images/client_data/training_data/data/final_render_776_y-1.30_z3.02_pupil_diameter_4.62mm.png,4.62
dataset/1k_images/client_data/training_data/data/final_render_777_y3.42_z-29.81_pupil_diameter_2.31mm.png,2.31
dataset/1k_images/client_data/training_data/data/final_render_778_y-7.88_z-8.45_pupil_diameter_7.56mm.png,7.56
dataset/1k_images/client_data/training_data/data/final_render_779_y6.75_z-24.90_pupil_diameter_3.26mm.png,3.26
dataset/1k_images/client_data/training_data/data/final_render_77_y-6.76_z-1.78_pupil_diameter_5.95mm.png,5.95
dataset/1k_images/client_data/training_data/data/final_render_780_y-22.69_z22.93_pupil_diameter_7.82mm.png,7.82
dataset/1k_images/client_data/training_data/data/final_render_781_y17.40_z23.00_pupil_diameter_4.32mm.png,4.32
dataset/1k_images/client_data/training_data/data/final_render_782_y-5.52_z-7.74_pupil_diameter_7.63mm.png,7.63
dataset/1k_images/client_data/training_data/data/final_render_783_y-21.11_z23.53_pupil_diameter_7.07mm.png,7.07
dataset/1k_images/client_data/training_data/data/final_render_784_y-13.68_z22.16_pupil_diameter_5.02mm.png,5.02
dataset/1k_images/client_data/training_data/data/final_render_785_y-13.94_z22.67_pupil_diameter_2.25mm.png,2.25
dataset/1k_images/client_data/training_data/data/final_render_786_y1.01_z-17.79_pupil_diameter_3.22mm.png,3.22
dataset/1k_images/client_data/training_data/data/final_render_787_y4.85_z-23.09_pupil_diameter_7.32mm.png,7.32
dataset/1k_images/client_data/training_data/data/final_render_788_y-0.31_z-17.22_pupil_diameter_6.35mm.png,6.35
dataset/1k_images/client_data/training_data/data/final_render_789_y20.33_z-17.47_pupil_diameter_3.28mm.png,3.28
dataset/1k_images/client_data/training_data/data/final_render_78_y-10.60_z19.32_pupil_diameter_7.56mm.png,7.56
dataset/1k_images/client_data/training_data/data/final_render_790_y3.27_z-4.89_pupil_diameter_7.15mm.png,7.15
dataset/1k_images/client_data/training_data/data/final_render_791_y-6.78_z2.27_pupil_diameter_1.90mm.png,1.90
dataset/1k_images/client_data/training_data/data/final_render_792_y-13.42_z-23.59_pupil_diameter_4.84mm.png,4.84
dataset/1k_images/client_data/training_data/data/final_render_793_y-6.08_z14.67_pupil_diameter_7.71mm.png,7.71
dataset/1k_images/client_data/training_data/data/final_render_794_y7.22_z18.18_pupil_diameter_2.63mm.png,2.63
dataset/1k_images/client_data/training_data/data/final_render_795_y25.02_z28.75_pupil_diameter_2.21mm.png,2.21
dataset/1k_images/client_data/training_data/data/final_render_796_y-7.67_z-7.69_pupil_diameter_4.24mm.png,4.24
dataset/1k_images/client_data/training_data/data/final_render_797_y24.55_z21.65_pupil_diameter_1.74mm.png,1.74
dataset/1k_images/client_data/training_data/data/final_render_798_y-10.08_z-2.48_pupil_diameter_4.18mm.png,4.18
dataset/1k_images/client_data/training_data/data/final_render_799_y-27.62_z-25.34_pupil_diameter_4.56mm.png,4.56
dataset/1k_images/client_data/training_data/data/final_render_79_y24.14_z23.98_pupil_diameter_3.56mm.png,3.56
dataset/1k_images/client_data/training_data/data/final_render_7_y14.27_z15.23_pupil_diameter_1.92mm.png,1.92
dataset/1k_images/client_data/training_data/data/final_render_800_y-19.65_z9.85_pupil_diameter_6.13mm.png,6.13
dataset/1k_images/client_data/training_data/data/final_render_801_y-6.72_z17.54_pupil_diameter_5.52mm.png,5.52
dataset/1k_images/client_data/training_data/data/final_render_802_y-17.72_z10.78_pupil_diameter_3.34mm.png,3.34
dataset/1k_images/client_data/training_data/data/final_render_803_y-0.05_z26.82_pupil_diameter_7.20mm.png,7.20
dataset/1k_images/client_data/training_data/data/final_render_804_y-9.21_z28.83_pupil_diameter_7.30mm.png,7.30
dataset/1k_images/client_data/training_data/data/final_render_805_y-9.61_z-14.80_pupil_diameter_3.80mm.png,3.80
dataset/1k_images/client_data/training_data/data/final_render_806_y9.54_z28.78_pupil_diameter_4.32mm.png,4.32
dataset/1k_images/client_data/training_data/data/final_render_807_y4.04_z3.58_pupil_diameter_6.42mm.png,6.42
dataset/1k_images/client_data/training_data/data/final_render_808_y-29.86_z7.74_pupil_diameter_5.59mm.png,5.59
dataset/1k_images/client_data/training_data/data/final_render_809_y-8.02_z0.62_pupil_diameter_7.65mm.png,7.65
dataset/1k_images/client_data/training_data/data/final_render_80_y-29.24_z-14.71_pupil_diameter_6.39mm.png,6.39
dataset/1k_images/client_data/training_data/data/final_render_810_y3.50_z13.83_pupil_diameter_7.22mm.png,7.22
dataset/1k_images/client_data/training_data/data/final_render_811_y4.61_z-22.35_pupil_diameter_7.24mm.png,7.24
dataset/1k_images/client_data/training_data/data/final_render_812_y-6.04_z1.86_pupil_diameter_4.30mm.png,4.30
dataset/1k_images/client_data/training_data/data/final_render_813_y12.73_z6.82_pupil_diameter_2.49mm.png,2.49
dataset/1k_images/client_data/training_data/data/final_render_814_y-24.92_z-21.14_pupil_diameter_3.61mm.png,3.61
dataset/1k_images/client_data/training_data/data/final_render_815_y2.73_z6.34_pupil_diameter_3.54mm.png,3.54
dataset/1k_images/client_data/training_data/data/final_render_816_y21.46_z3.67_pupil_diameter_4.69mm.png,4.69
dataset/1k_images/client_data/training_data/data/final_render_817_y-10.55_z-27.84_pupil_diameter_4.88mm.png,4.88
dataset/1k_images/client_data/training_data/data/final_render_818_y-22.38_z25.38_pupil_diameter_2.76mm.png,2.76
dataset/1k_images/client_data/training_data/data/final_render_819_y-19.49_z28.61_pupil_diameter_1.52mm.png,1.52
dataset/1k_images/client_data/training_data/data/final_render_81_y-0.08_z25.78_pupil_diameter_4.97mm.png,4.97
dataset/1k_images/client_data/training_data/data/final_render_820_y18.83_z26.53_pupil_diameter_6.57mm.png,6.57
dataset/1k_images/client_data/training_data/data/final_render_821_y-26.00_z16.12_pupil_diameter_3.50mm.png,3.50
dataset/1k_images/client_data/training_data/data/final_render_822_y13.31_z19.95_pupil_diameter_7.22mm.png,7.22
dataset/1k_images/client_data/training_data/data/final_render_823_y-5.19_z17.71_pupil_diameter_2.13mm.png,2.13
dataset/1k_images/client_data/training_data/data/final_render_824_y-16.93_z22.50_pupil_diameter_3.81mm.png,3.81
dataset/1k_images/client_data/training_data/data/final_render_825_y-4.32_z-25.89_pupil_diameter_1.51mm.png,1.51
dataset/1k_images/client_data/training_data/data/final_render_826_y-20.49_z16.70_pupil_diameter_2.00mm.png,2.00
dataset/1k_images/client_data/training_data/data/final_render_827_y2.68_z20.10_pupil_diameter_7.12mm.png,7.12
dataset/1k_images/client_data/training_data/data/final_render_828_y-5.29_z-10.96_pupil_diameter_4.02mm.png,4.02
dataset/1k_images/client_data/training_data/data/final_render_829_y-0.68_z24.35_pupil_diameter_7.53mm.png,7.53
dataset/1k_images/client_data/training_data/data/final_render_82_y-19.34_z20.67_pupil_diameter_3.79mm.png,3.79
dataset/1k_images/client_data/training_data/data/final_render_830_y-26.49_z2.28_pupil_diameter_3.57mm.png,3.57
dataset/1k_images/client_data/training_data/data/final_render_831_y-2.78_z7.07_pupil_diameter_2.56mm.png,2.56
dataset/1k_images/client_data/training_data/data/final_render_832_y-4.04_z23.88_pupil_diameter_1.66mm.png,1.66
dataset/1k_images/client_data/training_data/data/final_render_833_y-13.44_z-28.12_pupil_diameter_6.89mm.png,6.89
dataset/1k_images/client_data/training_data/data/final_render_834_y29.21_z-2.55_pupil_diameter_6.97mm.png,6.97
dataset/1k_images/client_data/training_data/data/final_render_835_y14.05_z-21.56_pupil_diameter_4.12mm.png,4.12
dataset/1k_images/client_data/training_data/data/final_render_836_y-26.20_z-2.35_pupil_diameter_6.24mm.png,6.24
dataset/1k_images/client_data/training_data/data/final_render_837_y-17.17_z17.17_pupil_diameter_4.73mm.png,4.73
dataset/1k_images/client_data/training_data/data/final_render_838_y-28.07_z4.46_pupil_diameter_3.22mm.png,3.22
dataset/1k_images/client_data/training_data/data/final_render_839_y11.37_z-5.57_pupil_diameter_1.92mm.png,1.92
dataset/1k_images/client_data/training_data/data/final_render_83_y-12.31_z-18.59_pupil_diameter_2.58mm.png,2.58
dataset/1k_images/client_data/training_data/data/final_render_840_y8.87_z-20.48_pupil_diameter_1.78mm.png,1.78
dataset/1k_images/client_data/training_data/data/final_render_841_y-12.99_z21.62_pupil_diameter_4.82mm.png,4.82
dataset/1k_images/client_data/training_data/data/final_render_842_y-19.22_z-20.95_pupil_diameter_3.35mm.png,3.35
dataset/1k_images/client_data/training_data/data/final_render_843_y-19.11_z3.88_pupil_diameter_1.07mm.png,1.07
dataset/1k_images/client_data/training_data/data/final_render_844_y-26.39_z28.06_pupil_diameter_3.50mm.png,3.50
dataset/1k_images/client_data/training_data/data/final_render_845_y-24.89_z29.65_pupil_diameter_5.34mm.png,5.34
dataset/1k_images/client_data/training_data/data/final_render_846_y-12.28_z-6.88_pupil_diameter_1.61mm.png,1.61
dataset/1k_images/client_data/training_data/data/final_render_847_y17.16_z17.86_pupil_diameter_2.39mm.png,2.39
dataset/1k_images/client_data/training_data/data/final_render_848_y-8.92_z20.22_pupil_diameter_2.08mm.png,2.08
dataset/1k_images/client_data/training_data/data/final_render_849_y-25.19_z-27.78_pupil_diameter_7.21mm.png,7.21
dataset/1k_images/client_data/training_data/data/final_render_84_y-21.59_z-23.71_pupil_diameter_4.82mm.png,4.82
dataset/1k_images/client_data/training_data/data/final_render_850_y23.07_z25.41_pupil_diameter_2.86mm.png,2.86
dataset/1k_images/client_data/training_data/data/final_render_851_y21.40_z-10.86_pupil_diameter_3.06mm.png,3.06
dataset/1k_images/client_data/training_data/data/final_render_852_y17.32_z6.68_pupil_diameter_3.31mm.png,3.31
dataset/1k_images/client_data/training_data/data/final_render_853_y10.13_z29.95_pupil_diameter_4.04mm.png,4.04
dataset/1k_images/client_data/training_data/data/final_render_854_y0.75_z-5.07_pupil_diameter_3.88mm.png,3.88
dataset/1k_images/client_data/training_data/data/final_render_855_y19.50_z29.17_pupil_diameter_2.08mm.png,2.08
dataset/1k_images/client_data/training_data/data/final_render_856_y-7.03_z20.69_pupil_diameter_4.68mm.png,4.68
dataset/1k_images/client_data/training_data/data/final_render_857_y-6.45_z-18.99_pupil_diameter_3.01mm.png,3.01
dataset/1k_images/client_data/training_data/data/final_render_858_y-17.40_z-28.61_pupil_diameter_5.10mm.png,5.10
dataset/1k_images/client_data/training_data/data/final_render_859_y-29.34_z-4.80_pupil_diameter_3.89mm.png,3.89
dataset/1k_images/client_data/training_data/data/final_render_85_y11.22_z-13.99_pupil_diameter_2.57mm.png,2.57
dataset/1k_images/client_data/training_data/data/final_render_860_y11.62_z7.91_pupil_diameter_7.42mm.png,7.42
dataset/1k_images/client_data/training_data/data/final_render_861_y-24.61_z26.94_pupil_diameter_4.02mm.png,4.02
dataset/1k_images/client_data/training_data/data/final_render_862_y11.11_z-7.16_pupil_diameter_4.87mm.png,4.87
dataset/1k_images/client_data/training_data/data/final_render_863_y15.62_z-24.56_pupil_diameter_4.76mm.png,4.76
dataset/1k_images/client_data/training_data/data/final_render_864_y3.93_z22.55_pupil_diameter_4.76mm.png,4.76
dataset/1k_images/client_data/training_data/data/final_render_865_y2.01_z2.58_pupil_diameter_5.77mm.png,5.77
dataset/1k_images/client_data/training_data/data/final_render_866_y-24.25_z22.51_pupil_diameter_4.77mm.png,4.77
dataset/1k_images/client_data/training_data/data/final_render_867_y14.77_z28.38_pupil_diameter_4.29mm.png,4.29
dataset/1k_images/client_data/training_data/data/final_render_868_y-8.35_z-25.61_pupil_diameter_7.37mm.png,7.37
dataset/1k_images/client_data/training_data/data/final_render_869_y-14.20_z-19.72_pupil_diameter_2.21mm.png,2.21
dataset/1k_images/client_data/training_data/data/final_render_86_y-29.12_z-24.05_pupil_diameter_3.72mm.png,3.72
dataset/1k_images/client_data/training_data/data/final_render_870_y-4.25_z-2.37_pupil_diameter_5.19mm.png,5.19
dataset/1k_images/client_data/training_data/data/final_render_871_y-13.98_z-12.59_pupil_diameter_7.25mm.png,7.25
dataset/1k_images/client_data/training_data/data/final_render_872_y-12.20_z-24.07_pupil_diameter_6.13mm.png,6.13
dataset/1k_images/client_data/training_data/data/final_render_873_y8.92_z13.83_pupil_diameter_6.82mm.png,6.82
dataset/1k_images/client_data/training_data/data/final_render_874_y19.12_z-26.42_pupil_diameter_7.58mm.png,7.58
dataset/1k_images/client_data/training_data/data/final_render_875_y-13.78_z26.88_pupil_diameter_1.65mm.png,1.65
dataset/1k_images/client_data/training_data/data/final_render_876_y11.92_z-16.59_pupil_diameter_4.13mm.png,4.13
dataset/1k_images/client_data/training_data/data/final_render_877_y-27.35_z9.07_pupil_diameter_6.07mm.png,6.07
dataset/1k_images/client_data/training_data/data/final_render_878_y-11.23_z-8.15_pupil_diameter_3.96mm.png,3.96
dataset/1k_images/client_data/training_data/data/final_render_879_y0.09_z7.56_pupil_diameter_2.98mm.png,2.98
dataset/1k_images/client_data/training_data/data/final_render_87_y-14.61_z20.36_pupil_diameter_7.21mm.png,7.21
dataset/1k_images/client_data/training_data/data/final_render_880_y29.15_z-12.01_pupil_diameter_3.13mm.png,3.13
dataset/1k_images/client_data/training_data/data/final_render_881_y-4.54_z11.71_pupil_diameter_7.40mm.png,7.40
dataset/1k_images/client_data/training_data/data/final_render_882_y9.15_z25.73_pupil_diameter_3.36mm.png,3.36
dataset/1k_images/client_data/training_data/data/final_render_883_y-24.59_z-19.95_pupil_diameter_5.53mm.png,5.53
dataset/1k_images/client_data/training_data/data/final_render_884_y-18.80_z-1.31_pupil_diameter_3.53mm.png,3.53
dataset/1k_images/client_data/training_data/data/final_render_885_y-10.05_z-6.86_pupil_diameter_7.17mm.png,7.17
dataset/1k_images/client_data/training_data/data/final_render_886_y-21.35_z-12.43_pupil_diameter_6.83mm.png,6.83
dataset/1k_images/client_data/training_data/data/final_render_887_y-19.62_z-28.59_pupil_diameter_2.78mm.png,2.78
dataset/1k_images/client_data/training_data/data/final_render_888_y12.63_z1.88_pupil_diameter_7.15mm.png,7.15
dataset/1k_images/client_data/training_data/data/final_render_889_y-28.95_z-12.41_pupil_diameter_3.30mm.png,3.30
dataset/1k_images/client_data/training_data/data/final_render_88_y-9.30_z-10.22_pupil_diameter_2.40mm.png,2.40
dataset/1k_images/client_data/training_data/data/final_render_890_y-21.06_z25.78_pupil_diameter_4.88mm.png,4.88
dataset/1k_images/client_data/training_data/data/final_render_891_y-24.41_z-11.98_pupil_diameter_1.19mm.png,1.19
dataset/1k_images/client_data/training_data/data/final_render_892_y1.93_z-11.80_pupil_diameter_2.62mm.png,2.62
dataset/1k_images/client_data/training_data/data/final_render_893_y-23.02_z15.75_pupil_diameter_6.03mm.png,6.03
dataset/1k_images/client_data/training_data/data/final_render_894_y25.20_z4.98_pupil_diameter_4.30mm.png,4.30
dataset/1k_images/client_data/training_data/data/final_render_895_y12.64_z24.37_pupil_diameter_1.81mm.png,1.81
dataset/1k_images/client_data/training_data/data/final_render_896_y-2.78_z16.45_pupil_diameter_1.10mm.png,1.10
dataset/1k_images/client_data/training_data/data/final_render_897_y-9.64_z-3.70_pupil_diameter_5.76mm.png,5.76
dataset/1k_images/client_data/training_data/data/final_render_898_y5.40_z-1.50_pupil_diameter_2.92mm.png,2.92
dataset/1k_images/client_data/training_data/data/final_render_899_y-18.70_z16.20_pupil_diameter_2.93mm.png,2.93
dataset/1k_images/client_data/training_data/data/final_render_89_y13.50_z-25.92_pupil_diameter_3.25mm.png,3.25
dataset/1k_images/client_data/training_data/data/final_render_8_y4.04_z-20.56_pupil_diameter_3.01mm.png,3.01
dataset/1k_images/client_data/training_data/data/final_render_900_y23.00_z-0.05_pupil_diameter_5.69mm.png,5.69
dataset/1k_images/client_data/training_data/data/final_render_901_y-4.71_z0.15_pupil_diameter_5.89mm.png,5.89
dataset/1k_images/client_data/training_data/data/final_render_902_y-25.46_z19.35_pupil_diameter_5.40mm.png,5.40
dataset/1k_images/client_data/training_data/data/final_render_903_y8.32_z-3.64_pupil_diameter_5.59mm.png,5.59
dataset/1k_images/client_data/training_data/data/final_render_904_y4.56_z-18.64_pupil_diameter_7.58mm.png,7.58
dataset/1k_images/client_data/training_data/data/final_render_905_y-12.32_z-16.25_pupil_diameter_1.90mm.png,1.90
dataset/1k_images/client_data/training_data/data/final_render_906_y-29.87_z9.24_pupil_diameter_2.30mm.png,2.30
dataset/1k_images/client_data/training_data/data/final_render_907_y-20.87_z3.58_pupil_diameter_6.81mm.png,6.81
dataset/1k_images/client_data/training_data/data/final_render_908_y29.74_z-19.40_pupil_diameter_7.32mm.png,7.32
dataset/1k_images/client_data/training_data/data/final_render_909_y24.65_z1.94_pupil_diameter_2.88mm.png,2.88
